3070_0082-repeat_1_0591.pdb,-1.009573948,-2550.574219,0,0.593164246,2185.508789,"['2291_D' '965_A' '2294_D' '962_A' '963_A' '2297_D' '2330_D' '960_A'
 '2368_D' '2371_D' '642_A' '2375_D' '588_A' '590_A' '591_A' '589_A'
 '2376_D' '2427_D' '2498_D' '976_B' '972_B' '2502_D' '1023_B' '2503_D'
 '1064_B' '1016_B' '1060_B' '1052_B' '2505_D' '1013_B' '1010_B' '1012_B'
 '1055_B' '2506_D' '2507_D' '1088_B' '1051_B' '2511_D' '2584_D' '1446_B'
 '2585_D' '1473_B' '2588_D' '1456_B' '1453_B' '1457_B' '1458_B' '2589_D'
 '1506_B' '2595_D' '2597_D' '1463_B' '2669_D' '1451_B' '1450_B' '1507_B'
 '2673_D' '1447_B' '1510_B' '2676_D' '1443_B' '2677_D' '1514_B' '1440_B'
 '1517_B' '2680_D' '1439_B' '1442_B' '2692_D' '1432_B' '1436_B' '1435_B'
 '2695_D' '1433_B' '2696_D' '1529_B' '1525_B' '1521_B' '2699_D' '2700_D'
 '2703_D' '1528_B' '1532_B' '2704_D' '1520_B' '1524_B' '2708_D' '2717_D'
 '760_A' '764_A' '2724_D' '667_A' '2725_D' '756_A' '2728_D' '752_A'
 '666_A' '2729_D' '749_A' '753_A' '2732_D' '669_A' '671_A' '748_A'
 '2733_D' '670_A' '2750_D' '1519_B' '1516_B' '1515_B' '2751_D' '1512_B'
 '2752_D' '1494_B' '1495_B' '1493_B' '1518_B' '2753_D' '2764_D' '851_A'
 '2765_D' '848_A' '852_A' '2768_D' '847_A' '2772_D' '844_A' '2774_D'
 '845_A' '2784_D' '151_E' '2785_D' '2791_D' '757_A' '2792_D' '2799_D'
 '2802_D' '791_A' '784_A' '787_A' '2805_D' '783_A' '891_A' '892_A' '895_A'
 '2806_D' '780_A' '779_A' '2809_D' '896_A' '899_A' '2810_D' '776_A'
 '2812_D' '1531_B' '2813_D' '2814_D' '774_A' '2816_D' '1536_B' '1535_B'
 '2820_D' '2860_D' '1048_B' '1049_B' '2873_D' '2875_D' '1091_B' '2876_D'
 '1092_B']","{'F': (2316, '88.80%'), 'A': (218, '8.36%'), 'G': (54, '2.07%'), 'D': (20, '0.77%'), 'gly': 153, 'pro': 111, 'end_res': 10, 'total': 2882, 'T': 2608, 'warning': 'True'}",787,,0.127439914,0,0,rank 0 do this
3070_0082-repeat_3_0686.pdb,-1.000692108,-4148.691895,0,-0.678946784,2710.322266,"['2244_D' '2244_C' '2251_D' '586_A' '2284_D' '946_A' '947_A' '2285_D'
 '945_A' '2290_D' '588_A' '2291_D' '2325_D' '944_A' '2326_D' '943_A'
 '942_A' '2327_D' '2328_D' '941_A' '2329_D' '962_A' '958_A' '2330_D'
 '2332_D' '2333_D' '2337_D' '2366_D' '960_A' '959_A' '2367_D' '2369_D'
 '961_A' '2370_D' '964_A' '2372_D' '965_A' '2374_D' '2375_D' '590_A'
 '589_A' '2376_D' '2377_D' '2424_D' '2503_D' '1016_B' '1013_B' '1012_B'
 '2505_D' '1047_B' '1008_B' '1009_B' '1049_B' '2506_D' '1052_B' '2507_D'
 '2666_D' '1507_B' '2669_D' '1451_B' '2676_D' '1447_B' '1514_B' '1518_B'
 '2680_D' '1443_B' '1439_B' '1440_B' '2686_D' '2693_D' '1432_B' '2696_D'
 '1526_B' '1529_B' '1530_B' '1533_B' '1429_B' '2699_D' '2700_D' '1525_B'
 '1522_B' '2709_D' '770_A' '769_A' '2710_D' '776_A' '2713_D' '767_A'
 '2717_D' '763_A' '766_A' '2718_D' '764_A' '760_A' '2720_D' '667_A'
 '663_A' '2721_D' '759_A' '2723_D' '2724_D' '666_A' '662_A' '2727_D'
 '671_A' '669_A' '2728_D' '752_A' '755_A' '756_A' '675_A' '2729_D' '753_A'
 '674_A' '2730_D' '673_A' '2731_D' '2748_D' '1502_B' '1512_B' '2749_D'
 '1516_B' '1515_B' '1520_B' '2751_D' '1495_B' '1493_B' '1494_B' '1492_B'
 '1491_B' '1496_B' '2752_D' '1523_B' '2754_D' '2162_C' '2158_C' '2755_D'
 '2134_C' '2765_D' '854_A' '851_A' '855_A' '2768_D' '847_A' '850_A'
 '2769_D' '2771_D' '2772_D' '848_A' '2784_D' '749_A' '2785_D' '2788_D'
 '757_A' '2791_D' '2792_D' '2803_D' '784_A' '787_A' '2805_D' '892_A'
 '2806_D' '895_A' '896_A' '899_A' '2807_D' '783_A' '2809_D' '893_A'
 '2810_D' '900_A' '2812_D' '1528_B' '1532_B' '2816_D' '1536_B' '2817_D'
 '2860_D' '981_B' '2882_D' '1065_B' '1064_B' '1019_B']","{'F': (2309, '88.54%'), 'A': (230, '8.82%'), 'G': (50, '1.92%'), 'D': (19, '0.73%'), 'gly': 153, 'pro': 111, 'end_res': 10, 'total': 2882, 'T': 2608, 'warning': 'True'}",876,,0.100910096,0,0,rank 0 do this
3070_0082-repeat_1_0554.pdb,-0.976876855,-3175.779053,0,-0.080479948,2359.322266,"['2295_D' '963_A' '2329_D' '962_A' '961_A' '2330_D' '2367_D' '960_A'
 '2368_D' '964_A' '2375_D' '588_A' '589_A' '590_A' '591_A' '2376_D'
 '2502_D' '976_B' '1023_B' '2503_D' '1064_B' '1016_B' '1060_B' '1052_B'
 '2505_D' '1013_B' '1010_B' '1012_B' '1055_B' '1053_B' '1054_B' '2506_D'
 '1088_B' '2507_D' '1051_B' '2584_D' '1446_B' '1450_B' '1453_B' '2585_D'
 '1473_B' '2586_D' '2587_D' '1458_B' '2588_D' '1456_B' '1457_B' '2589_D'
 '2595_D' '2666_D' '1507_B' '1506_B' '2669_D' '1451_B' '2673_D' '1447_B'
 '1514_B' '2676_D' '1443_B' '1444_B' '2677_D' '1440_B' '1517_B' '2680_D'
 '1439_B' '1442_B' '2691_D' '1432_B' '1429_B' '2692_D' '1435_B' '2695_D'
 '1433_B' '2696_D' '1529_B' '1436_B' '1525_B' '1437_B' '1521_B' '2699_D'
 '1528_B' '1532_B' '2700_D' '2703_D' '2704_D' '1520_B' '1524_B' '2708_D'
 '2717_D' '760_A' '764_A' '2724_D' '667_A' '2728_D' '666_A' '752_A'
 '2729_D' '749_A' '753_A' '2732_D' '669_A' '670_A' '671_A' '748_A' '675_A'
 '2733_D' '672_A' '673_A' '2749_D' '1516_B' '1512_B' '2750_D' '1519_B'
 '2751_D' '1502_B' '1515_B' '2752_D' '1492_B' '1494_B' '1495_B' '1518_B'
 '1493_B' '2753_D' '2764_D' '851_A' '2765_D' '2768_D' '848_A' '847_A'
 '2772_D' '844_A' '843_A' '2774_D' '2784_D' '148_E' '151_E' '2785_D'
 '2788_D' '757_A' '2791_D' '2792_D' '756_A' '2795_D' '2798_D' '791_A'
 '795_A' '2799_D' '2805_D' '787_A' '891_A' '892_A' '895_A' '2806_D'
 '783_A' '780_A' '784_A' '2809_D' '896_A' '899_A' '2810_D' '779_A'
 '2812_D' '1531_B' '2813_D' '903_A' '2814_D' '776_A' '774_A' '2816_D'
 '1535_B' '1536_B' '2873_D']","{'F': (2319, '88.92%'), 'A': (221, '8.47%'), 'G': (40, '1.53%'), 'D': (28, '1.07%'), 'gly': 153, 'pro': 111, 'end_res': 10, 'total': 2882, 'T': 2608, 'warning': 'True'}",756,0,0.132249688,0,0,rank 0 do this
3070_0082-repeat_3_0504.pdb,-1.042578439,-2708.596436,0,0.259463898,2594.083984,"['2251_D' '586_A' '2284_D' '947_A' '948_A' '946_A' '2285_D' '945_A'
 '2290_D' '588_A' '2291_D' '2325_D' '944_A' '2326_D' '949_A' '942_A'
 '943_A' '2327_D' '2329_D' '958_A' '959_A' '960_A' '957_A' '941_A' '956_A'
 '2332_D' '2337_D' '2365_D' '2366_D' '962_A' '961_A' '2370_D' '964_A'
 '963_A' '2372_D' '965_A' '2374_D' '2375_D' '590_A' '589_A' '2376_D'
 '2377_D' '2503_D' '1013_B' '1012_B' '1064_B' '1009_B' '1008_B' '1047_B'
 '2505_D' '1049_B' '1052_B' '2506_D' '2507_D' '1097_B' '2509_D' '2666_D'
 '1507_B' '2669_D' '1510_B' '1451_B' '1452_B' '2672_D' '2673_D' '1514_B'
 '1513_B' '2676_D' '1447_B' '1450_B' '1518_B' '2677_D' '1517_B' '2680_D'
 '1440_B' '1443_B' '1439_B' '2683_D' '2686_D' '1435_B' '1436_B' '2692_D'
 '1432_B' '2696_D' '1526_B' '1429_B' '1530_B' '1533_B' '1529_B' '2699_D'
 '2700_D' '2710_D' '776_A' '2717_D' '763_A' '764_A' '766_A' '659_A'
 '2718_D' '760_A' '2720_D' '667_A' '663_A' '2721_D' '2724_D' '666_A'
 '759_A' '2725_D' '756_A' '2727_D' '669_A' '675_A' '2728_D' '752_A'
 '755_A' '2729_D' '753_A' '2730_D' '674_A' '2731_D' '749_A' '2748_D'
 '1502_B' '1499_B' '2749_D' '1512_B' '1492_B' '1515_B' '1511_B' '2751_D'
 '1493_B' '1494_B' '1495_B' '1491_B' '2752_D' '1523_B' '2754_D' '2162_C'
 '2755_D' '2134_C' '2135_C' '2765_D' '854_A' '851_A' '855_A' '2768_D'
 '847_A' '850_A' '2772_D' '848_A' '2774_D' '2784_D' '2785_D' '676_A'
 '2788_D' '757_A' '2791_D' '2792_D' '2799_D' '2802_D' '788_A' '791_A'
 '2803_D' '784_A' '787_A' '2805_D' '892_A' '2806_D' '895_A' '896_A'
 '899_A' '2807_D' '783_A' '2809_D' '893_A' '2810_D' '900_A' '2812_D'
 '1528_B' '1532_B' '1525_B' '2814_D' '905_A' '904_A' '2816_D' '1536_B'
 '2817_D' '2860_D' '972_B' '976_B' '2861_D' '968_B' '2862_D' '969_B'
 '2882_D' '1065_B' '1018_B']","{'F': (2319, '88.92%'), 'A': (223, '8.55%'), 'G': (47, '1.80%'), 'D': (19, '0.73%'), 'gly': 153, 'pro': 111, 'end_res': 10, 'total': 2882, 'T': 2608, 'warning': 'True'}",992,0,0.144469581,0,0,rank 0 do this
3070_0082-repeat_3_0234.pdb,-0.979994583,-2432.883057,0,0.545528082,2036.787109,"['2251_D' '586_A' '2290_D' '588_A' '2291_D' '2295_D' '592_A' '584_A'
 '585_A' '593_A' '2325_D' '944_A' '945_A' '2326_D' '943_A' '2327_D'
 '2329_D' '960_A' '942_A' '962_A' '2330_D' '2332_D' '2341_D' '590_A'
 '2342_D' '591_A' '2366_D' '961_A' '2367_D' '2374_D' '965_A' '2375_D'
 '589_A' '2376_D' '2377_D' '2424_D' '2503_D' '1012_B' '1064_B' '1060_B'
 '1009_B' '1047_B' '1055_B' '2505_D' '1052_B' '1049_B' '1048_B' '2506_D'
 '2579_D' '1446_B' '1442_B' '2584_D' '1482_B' '2587_D' '1458_B' '2588_D'
 '2669_D' '1451_B' '1452_B' '1507_B' '2672_D' '2673_D' '1510_B' '1514_B'
 '2676_D' '1447_B' '1450_B' '1518_B' '2677_D' '2680_D' '1443_B' '1439_B'
 '1440_B' '2683_D' '2684_D' '2686_D' '1435_B' '2691_D' '1357_B' '2692_D'
 '1432_B' '1436_B' '2696_D' '1429_B' '2699_D' '1529_B' '1533_B' '2700_D'
 '1525_B' '1526_B' '2709_D' '769_A' '770_A' '767_A' '2710_D' '776_A'
 '780_A' '2717_D' '763_A' '659_A' '2720_D' '667_A' '2721_D' '759_A'
 '760_A' '2723_D' '2724_D' '666_A' '662_A' '2727_D' '671_A' '669_A'
 '670_A' '2728_D' '752_A' '755_A' '756_A' '675_A' '2729_D' '753_A'
 '2730_D' '674_A' '672_A' '673_A' '2731_D' '2748_D' '1502_B' '1499_B'
 '2749_D' '1512_B' '1492_B' '1511_B' '1515_B' '2750_D' '1516_B' '1519_B'
 '2751_D' '1493_B' '1495_B' '1494_B' '2752_D' '1523_B' '1437_B' '2754_D'
 '2162_C' '2158_C' '2755_D' '2134_C' '2136_C' '2765_D' '854_A' '855_A'
 '851_A' '2768_D' '850_A' '847_A' '2772_D' '2784_D' '749_A' '2785_D'
 '748_A' '2788_D' '757_A' '2791_D' '2792_D' '2803_D' '784_A' '783_A'
 '787_A' '2806_D' '895_A' '896_A' '899_A' '891_A' '892_A' '2807_D' '903_A'
 '2808_D' '1528_B' '2809_D' '2810_D' '900_A' '2812_D' '1532_B' '2814_D'
 '904_A' '2816_D' '1536_B' '2817_D' '2858_D' '1007_B' '1008_B' '1006_B'
 '2859_D' '971_B' '1003_B' '2860_D' '968_B' '972_B' '2861_D' '976_B'
 '2862_D' '969_B' '2863_D' '981_B' '1013_B' '2881_D' '1063_B' '2882_D'
 '1016_B' '1065_B']","{'F': (2286, '87.65%'), 'A': (253, '9.70%'), 'G': (51, '1.96%'), 'D': (18, '0.69%'), 'gly': 153, 'pro': 111, 'end_res': 10, 'total': 2882, 'T': 2608, 'warning': 'True'}",1020,0,0.146899447,0,0,rank 0 do this
3070_0082-repeat_3_0449.pdb,-0.992310964,-2685.127441,0,0.208231573,2201.025391,"['2244_D' '2244_C' '2251_D' '586_A' '2284_D' '947_A' '948_A' '946_A'
 '2285_D' '945_A' '2290_D' '588_A' '2291_D' '2325_D' '944_A' '2326_D'
 '941_A' '949_A' '943_A' '2327_D' '2328_D' '2329_D' '958_A' '957_A'
 '960_A' '959_A' '2330_D' '2332_D' '2334_D' '2365_D' '2366_D' '962_A'
 '961_A' '2369_D' '2370_D' '963_A' '964_A' '2372_D' '965_A' '2374_D'
 '2375_D' '590_A' '589_A' '2376_D' '2377_D' '2503_D' '1013_B' '1012_B'
 '1064_B' '1009_B' '1008_B' '2505_D' '1047_B' '1049_B' '2507_D' '1097_B'
 '2588_D' '1449_B' '1455_B' '2669_D' '1510_B' '1507_B' '1451_B' '2672_D'
 '2673_D' '1514_B' '1513_B' '2676_D' '1447_B' '1450_B' '1518_B' '2677_D'
 '1517_B' '2680_D' '1443_B' '1440_B' '1439_B' '1442_B' '2683_D' '2684_D'
 '2686_D' '1436_B' '1435_B' '2696_D' '1526_B' '1529_B' '1429_B' '1533_B'
 '1530_B' '2699_D' '2700_D' '1525_B' '2709_D' '770_A' '767_A' '769_A'
 '2710_D' '776_A' '780_A' '903_A' '2713_D' '2717_D' '763_A' '655_A'
 '766_A' '659_A' '2718_D' '760_A' '764_A' '2720_D' '663_A' '667_A'
 '2721_D' '759_A' '2724_D' '666_A' '2725_D' '756_A' '2727_D' '669_A'
 '671_A' '2728_D' '752_A' '2729_D' '753_A' '2730_D' '2748_D' '1502_B'
 '1499_B' '2749_D' '1492_B' '1515_B' '1512_B' '2751_D' '1494_B' '1493_B'
 '1491_B' '1495_B' '2752_D' '1523_B' '2754_D' '2162_C' '2158_C' '2755_D'
 '2134_C' '2765_D' '854_A' '851_A' '855_A' '2768_D' '847_A' '850_A'
 '2769_D' '2772_D' '2774_D' '2784_D' '749_A' '2785_D' '2788_D' '757_A'
 '2791_D' '2792_D' '2799_D' '2803_D' '784_A' '787_A' '2806_D' '896_A'
 '899_A' '783_A' '2809_D' '893_A' '892_A' '2810_D' '900_A' '2812_D'
 '1528_B' '1532_B' '2816_D' '1536_B' '2817_D' '2820_D' '1540_B' '2860_D'
 '976_B' '972_B' '2861_D' '968_B' '971_B' '975_B' '2862_D' '969_B' '985_B'
 '2878_D' '1149_B' '2881_D' '1063_B' '1016_B' '2882_D' '1065_B']","{'F': (2305, '88.38%'), 'A': (232, '8.90%'), 'G': (51, '1.96%'), 'D': (20, '0.77%'), 'gly': 153, 'pro': 111, 'end_res': 10, 'total': 2882, 'T': 2608, 'warning': 'True'}",954,0,0.101332472,0,0,rank 0 do this
3070_0082-repeat_1_0104.pdb,-0.813264554,-2424.223633,0,1.291154854,1610.350586,"['2256_D' '587_A' '588_A' '585_A' '586_A' '2257_D' '2258_D' '2290_D'
 '2291_D' '2297_D' '592_A' '584_A' '2298_D' '2325_D' '2329_D' '962_A'
 '960_A' '961_A' '963_A' '2330_D' '590_A' '589_A' '965_A' '2366_D'
 '2367_D' '2368_D' '2369_D' '964_A' '2370_D' '2503_D' '1064_B' '1063_B'
 '1016_B' '1052_B' '1060_B' '2505_D' '1010_B' '1011_B' '1012_B' '1053_B'
 '1055_B' '1054_B' '2506_D' '2507_D' '1088_B' '1051_B' '2584_D' '1446_B'
 '1442_B' '2673_D' '1447_B' '1451_B' '1450_B' '2676_D' '1443_B' '1444_B'
 '2677_D' '1440_B' '1514_B' '2680_D' '1439_B' '2692_D' '1432_B' '2696_D'
 '1529_B' '1533_B' '2699_D' '1532_B' '2700_D' '1525_B' '2703_D' '1528_B'
 '2704_D' '1521_B' '1520_B' '2707_D' '2708_D' '2711_D' '1516_B' '2724_D'
 '667_A' '2727_D' '2728_D' '666_A' '2729_D' '753_A' '756_A' '752_A'
 '2748_D' '1502_B' '1512_B' '2750_D' '1515_B' '2751_D' '1519_B' '1499_B'
 '1495_B' '1492_B' '1493_B' '1518_B' '2752_D' '2753_D' '2760_D' '884_A'
 '2765_D' '851_A' '2768_D' '2772_D' '844_A' '847_A' '843_A' '2774_D'
 '848_A' '2784_D' '749_A' '2785_D' '2788_D' '2791_D' '757_A' '2792_D'
 '760_A' '2795_D' '761_A' '764_A' '2796_D' '2799_D' '2805_D' '783_A'
 '895_A' '787_A' '891_A' '892_A' '2806_D' '784_A' '780_A' '2807_D' '776_A'
 '779_A' '2809_D' '899_A' '896_A' '2810_D' '2812_D' '1531_B' '2814_D']","{'F': (2320, '88.96%'), 'A': (213, '8.17%'), 'G': (57, '2.19%'), 'D': (18, '0.69%'), 'gly': 153, 'pro': 111, 'end_res': 10, 'total': 2882, 'T': 2608, 'warning': 'True'}",698,0,0.120296519,0,0,rank 0 do this
3070_0082-repeat_1_0105.pdb,-0.848746499,-2277.189209,0,-0.010937132,1547.563477,"['2256_D', '586_A', '587_A', '588_A', '2257_D', '2258_D', '2290_D', '2291_D', '2297_D', '592_A', '2298_D', '2329_D', '962_A', '960_A', '961_A', '2330_D', '965_A', '590_A', '2366_D', '2367_D', '2368_D', '2369_D', '963_A', '964_A', '2370_D', '2503_D', '1064_B', '1063_B', '1016_B', '1060_B', '2505_D', '1010_B', '1052_B', '1009_B', '1012_B', '1011_B', '1053_B', '1054_B', '1055_B', '2506_D', '2507_D', '1088_B', '1051_B', '2584_D', '1442_B', '1446_B', '2670_D', '1507_B', '2673_D', '1447_B', '1450_B', '2676_D', '1443_B', '1444_B', '2677_D', '1514_B', '1440_B', '2680_D', '1439_B', '2692_D', '1432_B', '2696_D', '1533_B', '1529_B', '1526_B', '1525_B', '2699_D', '1532_B', '1536_B', '2700_D', '2703_D', '1528_B', '2704_D', '1520_B', '1521_B', '2708_D', '2717_D', '763_A', '764_A', '2724_D', '667_A', '2728_D', '666_A', '2729_D', '756_A', '752_A', '753_A', '2731_D', '669_A', '2748_D', '1512_B', '2751_D', '1499_B', '1495_B', '1494_B', '1492_B', '1515_B', '1519_B', '1493_B', '1518_B', '2752_D', '2753_D', '1497_B', '2765_D', '851_A', '2768_D', '847_A', '2772_D', '844_A', '843_A', '2774_D', '848_A', '2784_D', '749_A', '2785_D', '2791_D', '757_A', '2796_D', '760_A', '2799_D', '2802_D', '787_A', '784_A', '2805_D', '895_A', '783_A', '891_A', '2806_D', '780_A', '779_A', '2807_D', '776_A', '2809_D', '896_A', '899_A', '892_A', '2810_D', '2812_D', '1531_B']","{'F': (2313, '88.69%'), 'A': (229, '8.78%'), 'G': (47, '1.80%'), 'D': (19, '0.73%'), 'gly': 153, 'pro': 111, 'end_res': 10, 'total': 2882, 'T': 2608, 'warning': 'True'}",645,,0.143874261,0,0,rank 0 do this
3070_0082-repeat_1_0106.pdb,-0.827305129,-2154.036377,0,0.497600904,1612.15625,"['2256_D' '586_A' '587_A' '2257_D' '2258_D' '2298_D' '2299_D' '2325_D'
 '588_A' '2329_D' '962_A' '960_A' '961_A' '2330_D' '965_A' '589_A' '590_A'
 '2331_D' '2366_D' '2367_D' '2369_D' '963_A' '964_A' '2370_D' '2503_D'
 '1064_B' '1063_B' '1016_B' '1060_B' '2505_D' '1010_B' '1052_B' '1009_B'
 '1012_B' '1011_B' '1053_B' '1054_B' '1055_B' '2506_D' '2507_D' '1088_B'
 '1051_B' '2584_D' '1446_B' '2666_D' '1507_B' '1506_B' '2670_D' '2673_D'
 '1447_B' '1451_B' '1450_B' '2676_D' '1443_B' '1444_B' '2677_D' '1514_B'
 '2680_D' '1442_B' '1439_B' '2692_D' '1432_B' '2696_D' '1533_B' '1529_B'
 '1526_B' '2699_D' '1532_B' '2700_D' '1525_B' '2703_D' '1528_B' '2704_D'
 '1521_B' '2711_D' '1520_B' '2724_D' '667_A' '2728_D' '666_A' '756_A'
 '2729_D' '753_A' '752_A' '2749_D' '1512_B' '1516_B' '2751_D' '1519_B'
 '1499_B' '1495_B' '1492_B' '1493_B' '1494_B' '1515_B' '1518_B' '2752_D'
 '2753_D' '2760_D' '884_A' '2765_D' '851_A' '2768_D' '847_A' '2772_D'
 '843_A' '844_A' '2773_D' '2774_D' '848_A' '2784_D' '749_A' '2785_D'
 '750_A' '2788_D' '757_A' '2791_D' '2792_D' '760_A' '2796_D' '2799_D'
 '764_A' '2805_D' '783_A' '787_A' '891_A' '895_A' '2806_D' '784_A' '780_A'
 '2807_D' '779_A' '776_A' '2809_D' '899_A' '896_A' '2810_D' '2812_D'
 '1531_B' '2861_D' '1005_B' '2862_D' '1006_B' '2863_D']","{'F': (2288, '87.73%'), 'A': (246, '9.43%'), 'G': (51, '1.96%'), 'D': (23, '0.88%'), 'gly': 153, 'pro': 111, 'end_res': 10, 'total': 2882, 'T': 2608, 'warning': 'True'}",730,,0.126802696,0,0,rank 0 do this
3070_0082-repeat_1_0107.pdb,-0.806746625,-2675.594238,0,-0.229005486,1750.074219,"['2244_D', '2244_C', '2256_D', '586_A', '2257_D', '2258_D', '2297_D', '2298_D', '2299_D', '2325_D', '588_A', '2329_D', '960_A', '961_A', '962_A', '2330_D', '963_A', '589_A', '590_A', '965_A', '2362_D', '2364_D', '2366_D', '2367_D', '2368_D', '2369_D', '964_A', '2370_D', '2503_D', '1064_B', '1063_B', '1016_B', '1060_B', '2505_D', '1010_B', '1052_B', '1009_B', '1054_B', '1012_B', '1055_B', '1011_B', '2506_D', '2507_D', '1088_B', '1051_B', '2508_D', '2584_D', '1446_B', '1442_B', '1443_B', '2670_D', '1507_B', '2673_D', '1447_B', '1450_B', '1451_B', '2676_D', '1444_B', '2677_D', '1440_B', '1514_B', '2680_D', '1439_B', '2691_D', '1432_B', '2692_D', '2696_D', '1529_B', '1533_B', '1526_B', '1525_B', '1433_B', '2699_D', '1532_B', '2700_D', '2703_D', '1528_B', '2704_D', '1521_B', '2729_D', '753_A', '756_A', '752_A', '2731_D', '669_A', '2748_D', '1512_B', '1502_B', '2749_D', '1516_B', '2751_D', '1499_B', '1494_B', '1495_B', '1492_B', '1493_B', '1519_B', '1515_B', '1518_B', '2752_D', '2753_D', '1497_B', '2760_D', '884_A', '2765_D', '851_A', '2768_D', '847_A', '2772_D', '843_A', '844_A', '840_A', '2774_D', '848_A', '2784_D', '749_A', '2785_D', '750_A', '2788_D', '2791_D', '757_A', '2792_D', '760_A', '2795_D', '761_A', '764_A', '2796_D', '2799_D', '2805_D', '895_A', '783_A', '787_A', '892_A', '2806_D', '784_A', '780_A', '779_A', '2807_D', '776_A', '2809_D', '899_A', '896_A', '2810_D', '2812_D', '1531_B', '2813_D', '903_A', '2814_D']","{'F': (2297, '88.08%'), 'A': (236, '9.05%'), 'G': (54, '2.07%'), 'D': (21, '0.81%'), 'gly': 153, 'pro': 111, 'end_res': 10, 'total': 2882, 'T': 2608, 'warning': 'True'}",669,,0.158235471,0,0,rank 0 do this
3070_0082-repeat_1_0108.pdb,-0.827976418,-2568.679932,0,-0.064027527,1803.041992,"['2244_D' '2244_C' '2256_D' '586_A' '587_A' '2257_D' '2258_D' '2290_D'
 '588_A' '2291_D' '2297_D' '592_A' '591_A' '584_A' '2298_D' '2299_D'
 '2325_D' '2329_D' '962_A' '961_A' '960_A' '2330_D' '965_A' '589_A'
 '2364_D' '2366_D' '2367_D' '2368_D' '2369_D' '963_A' '964_A' '2370_D'
 '2503_D' '1064_B' '1063_B' '1016_B' '1052_B' '1060_B' '2505_D' '1011_B'
 '1012_B' '1054_B' '1009_B' '1010_B' '1055_B' '2506_D' '2507_D' '1088_B'
 '1051_B' '2584_D' '1446_B' '1442_B' '2669_D' '1450_B' '1451_B' '1506_B'
 '2673_D' '1447_B' '2676_D' '1443_B' '1444_B' '2677_D' '1514_B' '2680_D'
 '1439_B' '2692_D' '1432_B' '2696_D' '1529_B' '1533_B' '1526_B' '1433_B'
 '2699_D' '1532_B' '2700_D' '1525_B' '2704_D' '1520_B' '1521_B' '2711_D'
 '2724_D' '667_A' '2727_D' '2728_D' '666_A' '756_A' '2729_D' '753_A'
 '752_A' '2731_D' '669_A' '2747_D' '1498_B' '1499_B' '2748_D' '1502_B'
 '1512_B' '2749_D' '1516_B' '2750_D' '1515_B' '2751_D' '1495_B' '1494_B'
 '1492_B' '1493_B' '1519_B' '1518_B' '2752_D' '2753_D' '2765_D' '851_A'
 '2768_D' '847_A' '2772_D' '843_A' '844_A' '840_A' '2774_D' '848_A'
 '2784_D' '749_A' '2785_D' '750_A' '2788_D' '2791_D' '757_A' '2792_D'
 '760_A' '2795_D' '761_A' '764_A' '2796_D' '2799_D' '2805_D' '783_A'
 '895_A' '891_A' '892_A' '2806_D' '784_A' '780_A' '2807_D' '779_A' '776_A'
 '2809_D' '896_A' '899_A' '2810_D' '2812_D' '1528_B' '2816_D' '1536_B']","{'F': (2300, '88.19%'), 'A': (236, '9.05%'), 'G': (51, '1.96%'), 'D': (21, '0.81%'), 'gly': 153, 'pro': 111, 'end_res': 10, 'total': 2882, 'T': 2608, 'warning': 'True'}",659,0,0.102396279,0,0,rank 0 do this
3070_0082-repeat_1_0109.pdb,-0.827338361,-2408.133301,0,0.949149148,1650.085938,"['2244_D', '2244_C', '2256_D', '586_A', '587_A', '2257_D', '2258_D', '585_A', '2291_D', '588_A', '2297_D', '591_A', '592_A', '2298_D', '2299_D', '2329_D', '962_A', '960_A', '961_A', '2330_D', '963_A', '965_A', '589_A', '2331_D', '2366_D', '2367_D', '2368_D', '2369_D', '964_A', '2370_D', '2503_D', '1064_B', '1016_B', '1060_B', '2505_D', '1010_B', '1052_B', '1009_B', '1012_B', '1055_B', '1011_B', '1053_B', '1054_B', '2506_D', '2507_D', '1088_B', '1051_B', '2584_D', '1446_B', '1442_B', '1443_B', '2588_D', '1457_B', '2666_D', '1506_B', '1507_B', '2669_D', '1450_B', '1455_B', '2673_D', '1447_B', '1451_B', '2676_D', '1444_B', '2677_D', '1440_B', '1514_B', '2680_D', '1439_B', '2692_D', '1432_B', '2696_D', '1529_B', '1533_B', '1526_B', '2699_D', '1532_B', '2700_D', '1525_B', '2703_D', '1528_B', '2704_D', '1520_B', '1521_B', '2711_D', '1516_B', '2728_D', '666_A', '667_A', '756_A', '2729_D', '753_A', '752_A', '2731_D', '669_A', '2746_D', '1498_B', '2747_D', '2748_D', '1499_B', '1502_B', '1512_B', '2749_D', '2751_D', '1515_B', '1495_B', '1494_B', '1492_B', '1493_B', '1519_B', '2752_D', '2753_D', '2760_D', '884_A', '2765_D', '851_A', '2768_D', '847_A', '2772_D', '843_A', '844_A', '2774_D', '848_A', '2784_D', '749_A', '2785_D', '2788_D', '2792_D', '760_A', '757_A', '2796_D', '2799_D', '764_A', '2805_D', '895_A', '783_A', '787_A', '891_A', '2806_D', '784_A', '780_A', '779_A', '2807_D', '776_A', '2809_D', '899_A', '896_A', '892_A', '2810_D', '2812_D', '2816_D', '1536_B', '2862_D', '1005_B']","{'F': (2295, '88.00%'), 'A': (247, '9.47%'), 'G': (48, '1.84%'), 'D': (18, '0.69%'), 'gly': 153, 'pro': 111, 'end_res': 10, 'total': 2882, 'T': 2608, 'warning': 'True'}",715,,0.185052558,0,0,rank 0 do this
3070_0082-repeat_1_0110.pdb,-0.812674129,-2658.383545,0,0.15471567,1744.791016,"['2244_D' '2244_C' '2256_D' '586_A' '2257_D' '2258_D' '2290_D' '588_A'
 '2297_D' '592_A' '584_A' '2298_D' '2299_D' '2325_D' '2329_D' '962_A'
 '960_A' '961_A' '2330_D' '963_A' '589_A' '965_A' '590_A' '2331_D'
 '2332_D' '2366_D' '2367_D' '2369_D' '964_A' '2370_D' '2503_D' '1064_B'
 '1016_B' '1060_B' '2505_D' '1010_B' '1052_B' '1012_B' '1011_B' '1053_B'
 '1054_B' '1055_B' '2506_D' '2507_D' '1051_B' '1088_B' '2584_D' '1446_B'
 '1442_B' '2670_D' '1507_B' '2673_D' '1447_B' '1450_B' '1451_B' '2676_D'
 '1443_B' '1444_B' '2677_D' '1440_B' '1514_B' '2680_D' '1439_B' '2692_D'
 '1432_B' '2696_D' '1533_B' '1529_B' '1526_B' '2699_D' '1532_B' '2700_D'
 '1525_B' '2703_D' '1528_B' '2704_D' '1520_B' '1521_B' '2711_D' '2724_D'
 '667_A' '2727_D' '2728_D' '666_A' '752_A' '756_A' '669_A' '2729_D'
 '753_A' '2731_D' '2741_D' '852_A' '2746_D' '1498_B' '2747_D' '2748_D'
 '1512_B' '2749_D' '1516_B' '1499_B' '2750_D' '2751_D' '1515_B' '1495_B'
 '1494_B' '1492_B' '1519_B' '1493_B' '1518_B' '2752_D' '2753_D' '1496_B'
 '2760_D' '884_A' '2765_D' '851_A' '2768_D' '847_A' '2772_D' '843_A'
 '844_A' '840_A' '2774_D' '848_A' '2784_D' '749_A' '2785_D' '2792_D'
 '757_A' '760_A' '2795_D' '761_A' '764_A' '2796_D' '2799_D' '2805_D'
 '783_A' '787_A' '895_A' '891_A' '892_A' '2806_D' '784_A' '780_A' '2807_D'
 '776_A' '779_A' '2809_D' '899_A' '896_A' '2810_D' '2812_D' '2813_D'
 '903_A' '2814_D']","{'F': (2317, '88.84%'), 'A': (221, '8.47%'), 'G': (53, '2.03%'), 'D': (17, '0.65%'), 'gly': 153, 'pro': 111, 'end_res': 10, 'total': 2882, 'T': 2608, 'warning': 'True'}",739,,0.096349977,0,0,rank 0 do this
3070_0082-repeat_1_0111.pdb,-0.849540747,-2594.580078,0,-0.816017558,1687.294922,"['2244_D', '2244_C', '2256_D', '586_A', '2257_D', '2297_D', '592_A', '2298_D', '2299_D', '2325_D', '588_A', '2329_D', '962_A', '961_A', '960_A', '2330_D', '963_A', '965_A', '2364_D', '2366_D', '2367_D', '2368_D', '2369_D', '964_A', '2370_D', '2503_D', '1064_B', '1063_B', '1060_B', '1016_B', '2505_D', '1052_B', '1009_B', '1010_B', '1012_B', '1055_B', '1011_B', '1053_B', '1054_B', '2506_D', '2507_D', '1088_B', '1051_B', '2584_D', '1446_B', '2669_D', '1455_B', '2673_D', '1447_B', '1451_B', '1450_B', '2676_D', '1443_B', '1444_B', '2677_D', '1440_B', '1514_B', '2680_D', '1439_B', '1442_B', '2696_D', '1529_B', '1533_B', '1526_B', '2699_D', '1532_B', '2700_D', '1525_B', '2703_D', '1528_B', '2704_D', '1521_B', '1520_B', '2724_D', '667_A', '2727_D', '2728_D', '666_A', '756_A', '2729_D', '752_A', '753_A', '2731_D', '669_A', '668_A', '2732_D', '2746_D', '1498_B', '2747_D', '1499_B', '2748_D', '1502_B', '1512_B', '2749_D', '1516_B', '2751_D', '1515_B', '1492_B', '1495_B', '1493_B', '1519_B', '2752_D', '2753_D', '1494_B', '1496_B', '2760_D', '884_A', '2765_D', '851_A', '2768_D', '847_A', '2772_D', '844_A', '2774_D', '848_A', '2784_D', '749_A', '2785_D', '2792_D', '757_A', '760_A', '2795_D', '764_A', '2796_D', '2799_D', '2805_D', '783_A', '895_A', '891_A', '892_A', '2806_D', '784_A', '780_A', '779_A', '2807_D', '776_A', '2809_D', '899_A', '896_A', '2810_D', '2812_D', '2813_D', '903_A', '2814_D', '775_A', '2816_D', '1536_B']","{'F': (2312, '88.65%'), 'A': (225, '8.63%'), 'G': (53, '2.03%'), 'D': (18, '0.69%'), 'gly': 153, 'pro': 111, 'end_res': 10, 'total': 2882, 'T': 2608, 'warning': 'True'}",702,,0.13938296,0,0,rank 0 do this
3070_0082-repeat_1_0112.pdb,-0.884059515,-2722.45459,0,0.629350474,1830.254883,"['2244_D' '2244_C' '2256_D' '586_A' '587_A' '588_A' '2257_D' '2258_D'
 '2291_D' '2297_D' '591_A' '592_A' '589_A' '2298_D' '2299_D' '2329_D'
 '962_A' '961_A' '960_A' '2330_D' '963_A' '965_A' '2366_D' '2367_D'
 '2368_D' '2369_D' '964_A' '2370_D' '2503_D' '1063_B' '1064_B' '1016_B'
 '2505_D' '1052_B' '1010_B' '1012_B' '1054_B' '1055_B' '1060_B' '2506_D'
 '1088_B' '2507_D' '1051_B' '2508_D' '2584_D' '1446_B' '1442_B' '1443_B'
 '2666_D' '1455_B' '1454_B' '1506_B' '2669_D' '1450_B' '2673_D' '1447_B'
 '1451_B' '2676_D' '1444_B' '2677_D' '1514_B' '1440_B' '2680_D' '1439_B'
 '2692_D' '1432_B' '2696_D' '1533_B' '1529_B' '2699_D' '1532_B' '2700_D'
 '1525_B' '2703_D' '1528_B' '2704_D' '1521_B' '2711_D' '1520_B' '2724_D'
 '667_A' '2727_D' '2728_D' '666_A' '752_A' '669_A' '2731_D' '2741_D'
 '852_A' '2747_D' '1498_B' '1499_B' '2748_D' '1502_B' '1512_B' '2749_D'
 '1515_B' '1516_B' '2750_D' '1519_B' '2751_D' '1495_B' '1494_B' '1492_B'
 '1518_B' '1493_B' '2752_D' '1523_B' '2753_D' '2760_D' '884_A' '2765_D'
 '851_A' '2768_D' '847_A' '2772_D' '844_A' '843_A' '2774_D' '848_A'
 '2784_D' '749_A' '2792_D' '756_A' '757_A' '760_A' '2795_D' '761_A'
 '764_A' '2796_D' '2799_D' '2805_D' '783_A' '787_A' '891_A' '892_A'
 '895_A' '2806_D' '784_A' '780_A' '779_A' '2807_D' '776_A' '2809_D'
 '899_A' '896_A' '2810_D' '2812_D' '1531_B' '2813_D' '903_A' '2814_D'
 '2816_D' '1536_B' '2862_D' '1004_B' '1005_B']","{'F': (2299, '88.15%'), 'A': (242, '9.28%'), 'G': (47, '1.80%'), 'D': (20, '0.77%'), 'gly': 153, 'pro': 111, 'end_res': 10, 'total': 2882, 'T': 2608, 'warning': 'True'}",695,,0.115120974,0,0,rank 0 do this
3070_0082-repeat_1_0113.pdb,-0.873905991,-2810.490234,0,0.14369024,1653.680664,"['2244_D', '2244_C', '2256_D', '586_A', '587_A', '2257_D', '2258_D', '2290_D', '588_A', '2291_D', '2294_D', '2297_D', '592_A', '591_A', '2298_D', '2299_D', '2329_D', '962_A', '960_A', '961_A', '2330_D', '963_A', '2331_D', '2364_D', '2366_D', '2367_D', '2368_D', '2369_D', '964_A', '2370_D', '965_A', '2503_D', '1064_B', '1063_B', '1016_B', '1060_B', '2505_D', '1010_B', '1052_B', '1012_B', '1054_B', '1055_B', '2506_D', '2507_D', '1088_B', '1051_B', '2584_D', '1446_B', '1442_B', '1443_B', '2666_D', '1455_B', '1454_B', '1506_B', '2673_D', '1447_B', '1451_B', '1450_B', '2676_D', '1444_B', '2677_D', '1514_B', '1440_B', '2680_D', '1439_B', '2692_D', '1432_B', '2695_D', '1533_B', '2696_D', '1529_B', '1526_B', '1525_B', '1433_B', '2699_D', '1532_B', '2700_D', '2703_D', '1528_B', '2704_D', '1520_B', '1521_B', '2727_D', '667_A', '2728_D', '666_A', '752_A', '2729_D', '756_A', '753_A', '2741_D', '852_A', '2747_D', '1498_B', '1499_B', '2748_D', '1512_B', '1502_B', '2749_D', '1516_B', '2751_D', '1515_B', '1495_B', '1494_B', '1492_B', '1493_B', '1519_B', '1518_B', '2753_D', '1497_B', '2760_D', '884_A', '2765_D', '851_A', '2768_D', '847_A', '2772_D', '844_A', '843_A', '2774_D', '848_A', '2784_D', '749_A', '2785_D', '2788_D', '757_A', '2791_D', '2792_D', '760_A', '2795_D', '761_A', '764_A', '2796_D', '2799_D', '2802_D', '787_A', '784_A', '2805_D', '783_A', '895_A', '892_A', '2806_D', '780_A', '779_A', '2807_D', '776_A', '2808_D', '2809_D', '899_A', '896_A', '2810_D', '2812_D', '1531_B', '2813_D', '903_A', '2814_D']","{'F': (2312, '88.65%'), 'A': (224, '8.59%'), 'G': (57, '2.19%'), 'D': (15, '0.58%'), 'gly': 153, 'pro': 111, 'end_res': 10, 'total': 2882, 'T': 2608, 'warning': 'True'}",751,,0.135983159,0,0,rank 0 do this
3070_0082-repeat_1_0113.pdb,-0.873905991,-2810.490234,0,0.14369024,1653.680664,"['2244_D', '2244_C', '2256_D', '586_A', '587_A', '2257_D', '2258_D', '2290_D', '588_A', '2291_D', '2294_D', '2297_D', '592_A', '591_A', '2298_D', '2299_D', '2329_D', '962_A', '960_A', '961_A', '2330_D', '963_A', '2331_D', '2364_D', '2366_D', '2367_D', '2368_D', '2369_D', '964_A', '2370_D', '965_A', '2503_D', '1064_B', '1063_B', '1016_B', '1060_B', '2505_D', '1010_B', '1052_B', '1012_B', '1054_B', '1055_B', '2506_D', '2507_D', '1088_B', '1051_B', '2584_D', '1446_B', '1442_B', '1443_B', '2666_D', '1455_B', '1454_B', '1506_B', '2673_D', '1447_B', '1451_B', '1450_B', '2676_D', '1444_B', '2677_D', '1514_B', '1440_B', '2680_D', '1439_B', '2692_D', '1432_B', '2695_D', '1533_B', '2696_D', '1529_B', '1526_B', '1525_B', '1433_B', '2699_D', '1532_B', '2700_D', '2703_D', '1528_B', '2704_D', '1520_B', '1521_B', '2727_D', '667_A', '2728_D', '666_A', '752_A', '2729_D', '756_A', '753_A', '2741_D', '852_A', '2747_D', '1498_B', '1499_B', '2748_D', '1512_B', '1502_B', '2749_D', '1516_B', '2751_D', '1515_B', '1495_B', '1494_B', '1492_B', '1493_B', '1519_B', '1518_B', '2753_D', '1497_B', '2760_D', '884_A', '2765_D', '851_A', '2768_D', '847_A', '2772_D', '844_A', '843_A', '2774_D', '848_A', '2784_D', '749_A', '2785_D', '2788_D', '757_A', '2791_D', '2792_D', '760_A', '2795_D', '761_A', '764_A', '2796_D', '2799_D', '2802_D', '787_A', '784_A', '2805_D', '783_A', '895_A', '892_A', '2806_D', '780_A', '779_A', '2807_D', '776_A', '2808_D', '2809_D', '899_A', '896_A', '2810_D', '2812_D', '1531_B', '2813_D', '903_A', '2814_D']","{'F': (2312, '88.65%'), 'A': (224, '8.59%'), 'G': (57, '2.19%'), 'D': (15, '0.58%'), 'gly': 153, 'pro': 111, 'end_res': 10, 'total': 2882, 'T': 2608, 'warning': 'True'}",751,,0.135983159,0,0,rank 0 do this
3070_0082-repeat_1_0116.pdb,-0.845668096,-2848.280273,0,-0.56610531,1870.438477,"['2244_D' '2244_C' '2256_D' '586_A' '2257_D' '2258_D' '2291_D' '588_A'
 '2297_D' '2298_D' '584_A' '2299_D' '2329_D' '962_A' '960_A' '961_A'
 '2330_D' '963_A' '2366_D' '2367_D' '2368_D' '2369_D' '964_A' '2370_D'
 '965_A' '2503_D' '1064_B' '1063_B' '1016_B' '1060_B' '2505_D' '1052_B'
 '1012_B' '1055_B' '1053_B' '1054_B' '2506_D' '2507_D' '1088_B' '1051_B'
 '2584_D' '1446_B' '1442_B' '2666_D' '1506_B' '1507_B' '2673_D' '1447_B'
 '1451_B' '1450_B' '2676_D' '1443_B' '1444_B' '2677_D' '1514_B' '1440_B'
 '2680_D' '1439_B' '2696_D' '1529_B' '1533_B' '1526_B' '2699_D' '1532_B'
 '2700_D' '1525_B' '2703_D' '1528_B' '2704_D' '1520_B' '1521_B' '2708_D'
 '2711_D' '1516_B' '2727_D' '667_A' '2728_D' '666_A' '756_A' '752_A'
 '2729_D' '753_A' '2731_D' '668_A' '669_A' '2746_D' '1498_B' '2747_D'
 '1499_B' '2748_D' '1502_B' '1512_B' '2749_D' '2750_D' '1515_B' '2751_D'
 '1495_B' '1493_B' '1494_B' '1492_B' '1518_B' '1519_B' '2752_D' '2753_D'
 '1497_B' '2761_D' '851_A' '2765_D' '2768_D' '847_A' '2772_D' '844_A'
 '843_A' '2774_D' '848_A' '2784_D' '749_A' '2785_D' '750_A' '2791_D'
 '757_A' '2792_D' '760_A' '2795_D' '761_A' '764_A' '2796_D' '2799_D'
 '2802_D' '787_A' '784_A' '2805_D' '895_A' '891_A' '892_A' '2806_D'
 '780_A' '779_A' '2807_D' '776_A' '2809_D' '899_A' '896_A' '2810_D'
 '2812_D' '1531_B' '2813_D' '903_A' '2816_D' '1536_B']","{'F': (2303, '88.31%'), 'A': (229, '8.78%'), 'G': (54, '2.07%'), 'D': (22, '0.84%'), 'gly': 153, 'pro': 111, 'end_res': 10, 'total': 2882, 'T': 2608, 'warning': 'True'}",677,0,0.109014383,0,0,rank 0 do this
3070_0082-repeat_1_0118.pdb,-0.857961215,-2937.64917,0,-0.495557588,1836.00293,"['2244_D' '2244_C' '2256_D' '586_A' '2257_D' '2258_D' '2297_D' '592_A'
 '584_A' '2298_D' '2330_D' '962_A' '588_A' '963_A' '965_A' '2333_D'
 '2361_D' '2366_D' '2367_D' '2368_D' '2369_D' '961_A' '964_A' '2370_D'
 '2503_D' '1064_B' '1063_B' '1016_B' '2505_D' '1010_B' '1012_B' '1052_B'
 '1053_B' '1054_B' '1055_B' '1060_B' '2506_D' '2507_D' '1088_B' '1051_B'
 '2509_D' '2584_D' '1446_B' '2669_D' '1450_B' '1455_B' '2673_D' '1447_B'
 '1451_B' '2676_D' '1443_B' '1444_B' '2677_D' '1514_B' '1440_B' '2680_D'
 '1439_B' '1442_B' '2696_D' '1529_B' '1526_B' '2699_D' '1532_B' '1533_B'
 '2700_D' '1525_B' '2703_D' '1528_B' '2704_D' '1521_B' '2711_D' '1520_B'
 '1516_B' '2727_D' '667_A' '2728_D' '666_A' '752_A' '756_A' '2729_D'
 '753_A' '2731_D' '668_A' '669_A' '2750_D' '1499_B' '2751_D' '1515_B'
 '1495_B' '1492_B' '1519_B' '1493_B' '1518_B' '2752_D' '2753_D' '1497_B'
 '2765_D' '851_A' '2768_D' '847_A' '2772_D' '844_A' '840_A' '843_A'
 '2774_D' '848_A' '2784_D' '749_A' '2785_D' '2792_D' '757_A' '760_A'
 '2795_D' '2796_D' '2799_D' '764_A' '2805_D' '783_A' '787_A' '891_A'
 '895_A' '892_A' '2806_D' '780_A' '784_A' '2807_D' '776_A' '779_A'
 '2809_D' '899_A' '896_A' '2810_D' '2812_D' '2813_D' '903_A' '2816_D'
 '2862_D' '1005_B']","{'F': (2312, '88.65%'), 'A': (228, '8.74%'), 'G': (51, '1.96%'), 'D': (17, '0.65%'), 'gly': 153, 'pro': 111, 'end_res': 10, 'total': 2882, 'T': 2608, 'warning': 'True'}",632,,0.098539791,0,0,rank 0 do this
3070_0082-repeat_1_0119.pdb,-0.865390812,-2168.862549,0,0.69990523,1632.011719,"['2244_D' '2244_C' '2256_D' '586_A' '2257_D' '585_A' '2258_D' '2297_D'
 '2298_D' '2299_D' '2330_D' '962_A' '963_A' '2333_D' '588_A' '2366_D'
 '2369_D' '964_A' '2370_D' '965_A' '2503_D' '1064_B' '1063_B' '1016_B'
 '1060_B' '2505_D' '1052_B' '1012_B' '1055_B' '1053_B' '1054_B' '2506_D'
 '2507_D' '1088_B' '1051_B' '2584_D' '1446_B' '2666_D' '1506_B' '1507_B'
 '2669_D' '1455_B' '1450_B' '1451_B' '2670_D' '2673_D' '1447_B' '2676_D'
 '1443_B' '1444_B' '2677_D' '1514_B' '1440_B' '2680_D' '1442_B' '2692_D'
 '1432_B' '2696_D' '1529_B' '1526_B' '2699_D' '1533_B' '2700_D' '1525_B'
 '2703_D' '1528_B' '2704_D' '1521_B' '2711_D' '1520_B' '2724_D' '667_A'
 '2727_D' '2728_D' '666_A' '752_A' '756_A' '2729_D' '753_A' '2742_D'
 '851_A' '852_A' '2748_D' '1502_B' '1512_B' '1499_B' '2749_D' '1516_B'
 '2751_D' '1495_B' '1492_B' '1515_B' '1519_B' '1493_B' '1518_B' '2752_D'
 '2753_D' '1496_B' '2765_D' '2768_D' '847_A' '2772_D' '844_A' '843_A'
 '2774_D' '848_A' '2784_D' '749_A' '2785_D' '2788_D' '2792_D' '757_A'
 '760_A' '2795_D' '764_A' '2796_D' '2802_D' '787_A' '784_A' '2805_D'
 '783_A' '891_A' '895_A' '892_A' '2806_D' '780_A' '779_A' '2807_D' '776_A'
 '2808_D' '2809_D' '899_A' '896_A' '2810_D' '2812_D' '1532_B' '1531_B'
 '2813_D' '903_A' '2814_D' '2820_D' '1536_B' '2862_D' '968_B' '1003_B'
 '966_A']","{'F': (2317, '88.84%'), 'A': (220, '8.44%'), 'G': (53, '2.03%'), 'D': (18, '0.69%'), 'gly': 153, 'pro': 111, 'end_res': 10, 'total': 2882, 'T': 2608, 'warning': 'True'}",632,,0.1074109,0,0,rank 0 do this
3070_0082-repeat_1_0121.pdb,-0.837572749,-3133.421387,0,0.94128298,1803.69043,"['2244_D' '2244_C' '2256_D' '586_A' '2291_D' '588_A' '963_A' '2294_D'
 '2297_D' '2298_D' '2329_D' '962_A' '960_A' '961_A' '2330_D' '2366_D'
 '2369_D' '964_A' '2370_D' '965_A' '2503_D' '1064_B' '1063_B' '1016_B'
 '1060_B' '2505_D' '1010_B' '1052_B' '1009_B' '1055_B' '1054_B' '2506_D'
 '2507_D' '1088_B' '1051_B' '2584_D' '1446_B' '1442_B' '2666_D' '1506_B'
 '1507_B' '2670_D' '2673_D' '1447_B' '1451_B' '1450_B' '2676_D' '1443_B'
 '1444_B' '2677_D' '1440_B' '1514_B' '2680_D' '1439_B' '2696_D' '1529_B'
 '2699_D' '1532_B' '1533_B' '2700_D' '1525_B' '2703_D' '1528_B' '2704_D'
 '1521_B' '2711_D' '1520_B' '2727_D' '667_A' '2728_D' '666_A' '756_A'
 '2729_D' '753_A' '752_A' '2731_D' '669_A' '2742_D' '852_A' '2748_D'
 '1502_B' '1512_B' '2751_D' '1515_B' '1495_B' '1499_B' '1492_B' '1493_B'
 '1519_B' '1518_B' '2752_D' '1523_B' '2765_D' '851_A' '2768_D' '847_A'
 '2772_D' '844_A' '843_A' '2774_D' '848_A' '2784_D' '749_A' '2785_D'
 '2788_D' '2791_D' '757_A' '2792_D' '760_A' '2795_D' '761_A' '2796_D'
 '2799_D' '764_A' '2803_D' '2805_D' '787_A' '891_A' '892_A' '2806_D'
 '784_A' '780_A' '2807_D' '776_A' '2809_D' '899_A' '896_A' '895_A'
 '2810_D' '779_A' '2812_D' '1531_B' '2813_D' '903_A' '2814_D' '2862_D'
 '1005_B']","{'F': (2300, '88.19%'), 'A': (240, '9.20%'), 'G': (46, '1.76%'), 'D': (22, '0.84%'), 'gly': 153, 'pro': 111, 'end_res': 10, 'total': 2882, 'T': 2608, 'warning': 'True'}",583,,0.099872354,0,0,rank 0 do this
3070_0082-repeat_1_0122.pdb,-0.828550226,-2953.116943,0,0.602891348,1837.87793,"['2256_D' '586_A' '587_A' '2291_D' '588_A' '2294_D' '2329_D' '962_A'
 '2330_D' '963_A' '2366_D' '2369_D' '964_A' '2370_D' '965_A' '2503_D'
 '1064_B' '1063_B' '1016_B' '1060_B' '2505_D' '1010_B' '1052_B' '1009_B'
 '1055_B' '1011_B' '1012_B' '1054_B' '2506_D' '1088_B' '2507_D' '1051_B'
 '2508_D' '2509_D' '2584_D' '1446_B' '1442_B' '2666_D' '1507_B' '1506_B'
 '2669_D' '1451_B' '1450_B' '2670_D' '2673_D' '1447_B' '2676_D' '1443_B'
 '1444_B' '2677_D' '1514_B' '2680_D' '1439_B' '2696_D' '1533_B' '1529_B'
 '1526_B' '2699_D' '1532_B' '2700_D' '1525_B' '2703_D' '1528_B' '2704_D'
 '1520_B' '1521_B' '2724_D' '667_A' '2727_D' '2728_D' '666_A' '756_A'
 '2729_D' '753_A' '752_A' '2731_D' '668_A' '669_A' '2742_D' '851_A'
 '852_A' '2748_D' '1502_B' '1512_B' '2749_D' '1516_B' '2751_D' '1499_B'
 '1495_B' '1492_B' '1515_B' '1519_B' '1493_B' '1494_B' '2752_D' '2753_D'
 '2765_D' '2768_D' '847_A' '2772_D' '844_A' '843_A' '2774_D' '848_A'
 '2785_D' '749_A' '2788_D' '2791_D' '757_A' '2792_D' '760_A' '2796_D'
 '2799_D' '764_A' '2805_D' '787_A' '891_A' '895_A' '892_A' '2806_D'
 '783_A' '784_A' '780_A' '2807_D' '776_A' '779_A' '2809_D' '899_A' '896_A'
 '2810_D' '2812_D' '1531_B' '2813_D' '903_A']","{'F': (2314, '88.73%'), 'A': (224, '8.59%'), 'G': (48, '1.84%'), 'D': (22, '0.84%'), 'gly': 153, 'pro': 111, 'end_res': 10, 'total': 2882, 'T': 2608, 'warning': 'True'}",625,,0.131512439,0,0,rank 0 do this
3070_0082-repeat_1_0132.pdb,-0.900547636,-2619.40332,0,0.324149641,1746.024414,"['2256_D' '586_A' '587_A' '588_A' '2257_D' '2298_D' '2330_D' '962_A'
 '2369_D' '2494_D' '968_B' '972_B' '2503_D' '1064_B' '1063_B' '1016_B'
 '1052_B' '2505_D' '1012_B' '1010_B' '1053_B' '1054_B' '1055_B' '1060_B'
 '2506_D' '2507_D' '1088_B' '1051_B' '2584_D' '1446_B' '1442_B' '1443_B'
 '2669_D' '1450_B' '1451_B' '2670_D' '1507_B' '2673_D' '1447_B' '2676_D'
 '1444_B' '2677_D' '1514_B' '1440_B' '2680_D' '1439_B' '2696_D' '1529_B'
 '1533_B' '1526_B' '2699_D' '1532_B' '2700_D' '1525_B' '2703_D' '1528_B'
 '2704_D' '1520_B' '1521_B' '2711_D' '1516_B' '2728_D' '667_A' '666_A'
 '752_A' '2729_D' '756_A' '753_A' '2731_D' '669_A' '668_A' '2732_D'
 '2749_D' '1512_B' '2750_D' '2751_D' '1495_B' '1492_B' '1493_B' '1515_B'
 '1519_B' '1518_B' '2752_D' '2753_D' '2768_D' '847_A' '851_A' '2772_D'
 '843_A' '844_A' '2774_D' '848_A' '2784_D' '749_A' '2785_D' '750_A'
 '2791_D' '757_A' '2792_D' '760_A' '2796_D' '2799_D' '764_A' '2805_D'
 '783_A' '895_A' '787_A' '891_A' '892_A' '2806_D' '784_A' '780_A' '779_A'
 '2808_D' '2809_D' '899_A' '896_A' '2810_D' '2812_D' '1531_B' '2813_D'
 '903_A' '2814_D' '775_A' '776_A' '2816_D' '1536_B']","{'F': (2301, '88.23%'), 'A': (228, '8.74%'), 'G': (58, '2.22%'), 'D': (21, '0.81%'), 'gly': 153, 'pro': 111, 'end_res': 10, 'total': 2882, 'T': 2608, 'warning': 'True'}",571,,0.133043272,0,0,rank 0 do this
3070_0082-repeat_1_0133.pdb,-0.909160297,-2683.890381,0,0.658055286,1872.816406,"['2256_D' '587_A' '586_A' '2257_D' '2298_D' '592_A' '585_A' '2329_D'
 '962_A' '2330_D' '588_A' '963_A' '964_A' '2369_D' '2370_D' '2376_D'
 '965_A' '2378_D' '2494_D' '968_B' '972_B' '2502_D' '1064_B' '2503_D'
 '1063_B' '1016_B' '1052_B' '1060_B' '2505_D' '1010_B' '1012_B' '1055_B'
 '1053_B' '1054_B' '2506_D' '2507_D' '1088_B' '1051_B' '2584_D' '1446_B'
 '1442_B' '1443_B' '2673_D' '1447_B' '1451_B' '1450_B' '2676_D' '1444_B'
 '2677_D' '1440_B' '1514_B' '2680_D' '1439_B' '2696_D' '1533_B' '1529_B'
 '1526_B' '2699_D' '1532_B' '1536_B' '2700_D' '1525_B' '2703_D' '1528_B'
 '2704_D' '1521_B' '2711_D' '1520_B' '1516_B' '2728_D' '666_A' '667_A'
 '752_A' '756_A' '2729_D' '753_A' '2731_D' '669_A' '668_A' '2732_D'
 '675_A' '2748_D' '1512_B' '1502_B' '2749_D' '2751_D' '1499_B' '1495_B'
 '1492_B' '1515_B' '1519_B' '1493_B' '1518_B' '2752_D' '2753_D' '1494_B'
 '2764_D' '851_A' '2765_D' '2768_D' '847_A' '2772_D' '844_A' '843_A'
 '2774_D' '848_A' '2785_D' '749_A' '2788_D' '2791_D' '757_A' '2792_D'
 '2795_D' '760_A' '761_A' '764_A' '2796_D' '2799_D' '2805_D' '895_A'
 '783_A' '787_A' '891_A' '892_A' '2806_D' '784_A' '780_A' '2808_D'
 '2809_D' '896_A' '899_A' '1531_B' '2810_D' '779_A' '2812_D' '2813_D'
 '903_A' '2814_D' '776_A' '2816_D' '2820_D' '2860_D' '1006_B' '1007_B'
 '2862_D' '1004_B' '1005_B']","{'F': (2286, '87.65%'), 'A': (243, '9.32%'), 'G': (62, '2.38%'), 'D': (17, '0.65%'), 'gly': 153, 'pro': 111, 'end_res': 10, 'total': 2882, 'T': 2608, 'warning': 'True'}",641,0,0.12484291,0,0,rank 0 do this
3070_0082-repeat_1_0134.pdb,-0.903420554,-2373.476563,0,0.26879792,1804.839844,"['2256_D' '586_A' '587_A' '2257_D' '2298_D' '592_A' '585_A' '2329_D'
 '962_A' '2330_D' '963_A' '964_A' '2369_D' '2370_D' '2371_D' '642_A'
 '2376_D' '965_A' '2378_D' '2494_D' '968_B' '972_B' '2503_D' '1064_B'
 '1063_B' '1016_B' '2505_D' '1010_B' '1052_B' '1012_B' '1053_B' '1054_B'
 '1055_B' '1060_B' '2506_D' '1088_B' '2507_D' '1051_B' '2508_D' '2584_D'
 '1446_B' '1442_B' '1443_B' '2588_D' '1455_B' '1457_B' '2673_D' '1447_B'
 '1451_B' '1450_B' '2676_D' '1444_B' '2677_D' '1440_B' '1514_B' '2680_D'
 '1439_B' '2696_D' '1529_B' '1533_B' '2699_D' '1532_B' '2700_D' '1525_B'
 '2703_D' '1528_B' '2704_D' '1521_B' '2711_D' '1520_B' '1516_B' '2727_D'
 '667_A' '2728_D' '666_A' '2729_D' '753_A' '756_A' '752_A' '2731_D'
 '669_A' '668_A' '2749_D' '1512_B' '2750_D' '1515_B' '2751_D' '1499_B'
 '1495_B' '1492_B' '1519_B' '1493_B' '1518_B' '2752_D' '2753_D' '1497_B'
 '2755_D' '1498_B' '2768_D' '847_A' '851_A' '848_A' '2772_D' '843_A'
 '844_A' '2774_D' '2785_D' '749_A' '2791_D' '757_A' '2792_D' '760_A'
 '2796_D' '2799_D' '764_A' '2805_D' '891_A' '895_A' '892_A' '783_A'
 '2806_D' '780_A' '779_A' '784_A' '2809_D' '899_A' '896_A' '1531_B'
 '2810_D' '2812_D' '2813_D' '903_A' '2814_D' '776_A' '2862_D' '1004_B']","{'F': (2303, '88.31%'), 'A': (231, '8.86%'), 'G': (45, '1.73%'), 'D': (29, '1.11%'), 'gly': 153, 'pro': 111, 'end_res': 10, 'total': 2882, 'T': 2608, 'warning': 'True'}",612,,0.157790884,0,0,rank 0 do this
3070_0082-repeat_1_0115.pdb,-0.828180242,-2741.933105,0,0.9365495280000001,2015.3603515625,"['2244_D' '2244_C' '2256_D' '586_A' '2257_D' '2258_D' '2297_D' '2298_D'
 '2299_D' '2329_D' '962_A' '961_A' '960_A' '2330_D' '963_A' '588_A'
 '2366_D' '2367_D' '2368_D' '2369_D' '964_A' '2370_D' '965_A' '2503_D'
 '1064_B' '1063_B' '1016_B' '1060_B' '2505_D' '1052_B' '1012_B' '1010_B'
 '1011_B' '1054_B' '1055_B' '2506_D' '2507_D' '1088_B' '1051_B' '2584_D'
 '1446_B' '1442_B' '2666_D' '1507_B' '1506_B' '2670_D' '2673_D' '1447_B'
 '1451_B' '1450_B' '2676_D' '1443_B' '1444_B' '2677_D' '1514_B' '1440_B'
 '2680_D' '1439_B' '2696_D' '1529_B' '1533_B' '1525_B' '1433_B' '1526_B'
 '2699_D' '1532_B' '2700_D' '2703_D' '1528_B' '2704_D' '1521_B' '2707_D'
 '2708_D' '1520_B' '2711_D' '2724_D' '667_A' '2727_D' '2728_D' '666_A'
 '752_A' '756_A' '669_A' '2729_D' '753_A' '2731_D' '2741_D' '852_A'
 '2748_D' '1512_B' '2749_D' '1516_B' '2751_D' '1499_B' '1515_B' '1495_B'
 '1492_B' '1519_B' '1493_B' '1518_B' '2752_D' '2753_D' '2765_D' '851_A'
 '2768_D' '847_A' '2772_D' '844_A' '843_A' '2774_D' '848_A' '2785_D'
 '749_A' '2791_D' '757_A' '2792_D' '760_A' '2795_D' '761_A' '764_A'
 '2796_D' '2799_D' '2805_D' '787_A' '895_A' '891_A' '892_A' '783_A'
 '2806_D' '784_A' '780_A' '2807_D' '779_A' '776_A' '2808_D' '2809_D'
 '899_A' '896_A' '2810_D' '2812_D' '1531_B' '2813_D' '903_A' '2814_D'
 '2820_D' '1536_B']","{'F': (2316, '88.80%'), 'A': (212, '8.13%'), 'G': (50, '1.92%'), 'D': (30, '1.15%'), 'gly': 153, 'pro': 111, 'end_res': 10, 'total': 2882, 'T': 2608, 'warning': 'True'}",703,0,0.11130391730894168,0,0,rank 0 do this
