filename,dope,soap,frustration_score,cpscore,bsa,interface_residues,rama,pairs,ec
3070_0082-repeat_3_0549.pdb,-1.0186911832943086,-4114.37548828125,0,0.4185702560000001,2741.462890625,"['2244_D' '2244_C' '2251_D' '586_A' '2284_D' '947_A' '948_A' '949_A'
 '946_A' '2285_D' '945_A' '2290_D' '588_A' '2291_D' '2325_D' '944_A'
 '2326_D' '943_A' '942_A' '2327_D' '941_A' '2328_D' '2329_D' '962_A'
 '2330_D' '2332_D' '2337_D' '589_A' '590_A' '2341_D' '2366_D' '960_A'
 '959_A' '958_A' '2369_D' '961_A' '2370_D' '963_A' '2372_D' '965_A'
 '2374_D' '2375_D' '2376_D' '2377_D' '2424_D' '2502_D' '1008_B' '2503_D'
 '1012_B' '1009_B' '1007_B' '1047_B' '1046_B' '2505_D' '1052_B' '1049_B'
 '2506_D' '1097_B' '2507_D' '2537_D' '2588_D' '1449_B' '1453_B' '1455_B'
 '2669_D' '1507_B' '1510_B' '1451_B' '1452_B' '2672_D' '2673_D' '1514_B'
 '2676_D' '1447_B' '1518_B' '2677_D' '2680_D' '1440_B' '1443_B' '1439_B'
 '2686_D' '1435_B' '2695_D' '1432_B' '2696_D' '1526_B' '1529_B' '1533_B'
 '1429_B' '1433_B' '1530_B' '2699_D' '2700_D' '1525_B' '2703_D' '2709_D'
 '770_A' '769_A' '2710_D' '776_A' '2713_D' '767_A' '2717_D' '763_A'
 '655_A' '766_A' '659_A' '2718_D' '760_A' '764_A' '2720_D' '663_A' '667_A'
 '2721_D' '759_A' '2723_D' '2724_D' '666_A' '662_A' '2727_D' '669_A'
 '2728_D' '752_A' '755_A' '665_A' '2729_D' '753_A' '756_A' '2748_D'
 '1511_B' '1512_B' '1515_B' '1492_B' '1499_B' '1502_B' '2749_D' '1520_B'
 '1516_B' '2751_D' '1494_B' '1495_B' '1493_B' '1491_B' '2752_D' '1523_B'
 '2754_D' '2162_C' '2755_D' '2134_C' '2764_D' '854_A' '2768_D' '851_A'
 '847_A' '850_A' '2772_D' '2784_D' '749_A' '2785_D' '2788_D' '757_A'
 '2791_D' '2792_D' '2802_D' '787_A' '788_A' '791_A' '2805_D' '892_A'
 '2806_D' '895_A' '896_A' '899_A' '2807_D' '783_A' '2808_D' '1528_B'
 '1524_B' '2809_D' '1531_B' '1532_B' '2810_D' '900_A' '2812_D' '2816_D'
 '1536_B' '2857_D' '971_B' '2860_D' '972_B' '976_B' '2861_D' '968_B'
 '969_B' '2862_D' '985_B' '2882_D' '1065_B' '1064_B']","{'F': (2298, '88.11%'), 'A': (237, '9.09%'), 'G': (51, '1.96%'), 'D': (22, '0.84%'), 'gly': 153, 'pro': 111, 'end_res': 10, 'total': 2882, 'T': 2608, 'warning': 'True'}",967,0,0,rank 0 do this
3070_0082-repeat_1_0458.pdb,-0.9854418829414276,-3517.99169921875,0,-0.08729499940000002,2455.470703125,"['2291_D' '965_A' '2329_D' '962_A' '961_A' '2330_D' '963_A' '2365_D'
 '2367_D' '960_A' '2368_D' '964_A' '642_A' '2369_D' '2371_D' '2373_D'
 '638_A' '2375_D' '588_A' '589_A' '590_A' '2376_D' '2503_D' '1064_B'
 '1016_B' '1060_B' '2505_D' '1052_B' '1013_B' '1012_B' '1010_B' '1054_B'
 '1055_B' '2506_D' '1088_B' '2507_D' '2509_D' '2584_D' '1446_B' '1453_B'
 '2666_D' '1507_B' '1506_B' '2669_D' '1451_B' '1450_B' '2673_D' '1447_B'
 '1510_B' '1514_B' '2676_D' '1443_B' '1444_B' '2677_D' '1440_B' '1517_B'
 '1521_B' '2680_D' '1439_B' '1442_B' '2691_D' '1432_B' '1429_B' '2692_D'
 '1435_B' '2695_D' '1433_B' '1529_B' '2696_D' '1436_B' '1525_B' '2699_D'
 '2700_D' '2703_D' '1528_B' '2704_D' '1520_B' '1524_B' '2708_D' '2717_D'
 '760_A' '764_A' '2729_D' '752_A' '749_A' '753_A' '2732_D' '669_A' '671_A'
 '748_A' '2733_D' '675_A' '672_A' '673_A' '674_A' '2750_D' '1516_B'
 '1519_B' '1515_B' '2751_D' '1512_B' '2752_D' '1494_B' '1495_B' '1518_B'
 '1493_B' '2753_D' '2761_D' '851_A' '2764_D' '2765_D' '2768_D' '848_A'
 '847_A' '2772_D' '844_A' '2774_D' '845_A' '2785_D' '2792_D' '757_A'
 '756_A' '2796_D' '2799_D' '2802_D' '787_A' '791_A' '2805_D' '891_A'
 '892_A' '783_A' '895_A' '2806_D' '780_A' '784_A' '2809_D' '896_A' '899_A'
 '2810_D' '779_A' '2812_D' '1531_B' '1532_B' '2813_D' '2814_D' '774_A'
 '776_A' '2816_D' '1536_B' '1535_B' '2818_D' '2820_D']","{'F': (2313, '88.69%'), 'A': (220, '8.44%'), 'G': (47, '1.80%'), 'D': (28, '1.07%'), 'gly': 153, 'pro': 111, 'end_res': 10, 'total': 2882, 'T': 2608, 'warning': 'True'}",700,0,0,rank 0 do this
3070_0082-repeat_1_0800.pdb,-1.013410043901916,-2315.8857421875,0,-0.136485298,2049.578125,"['2291_D' '965_A' '2294_D' '962_A' '964_A' '2295_D' '2367_D' '642_A'
 '957_A' '959_A' '2368_D' '960_A' '2375_D' '588_A' '587_A' '591_A' '593_A'
 '586_A' '2376_D' '2502_D' '1023_B' '1064_B' '2503_D' '1016_B' '1052_B'
 '1060_B' '2505_D' '1013_B' '1049_B' '1012_B' '2506_D' '1088_B' '2507_D'
 '1051_B' '2584_D' '1446_B' '2585_D' '1473_B' '2588_D' '1456_B' '1453_B'
 '1457_B' '1458_B' '2589_D' '1507_B' '2593_D' '1471_B' '2595_D' '1470_B'
 '2596_D' '1468_B' '1469_B' '2597_D' '2604_D' '2666_D' '2669_D' '1451_B'
 '1450_B' '2673_D' '1447_B' '1510_B' '1514_B' '2676_D' '1443_B' '2677_D'
 '1440_B' '1517_B' '2680_D' '1439_B' '1442_B' '2691_D' '1432_B' '1429_B'
 '2692_D' '2695_D' '1433_B' '2696_D' '1436_B' '1525_B' '1521_B' '1529_B'
 '2699_D' '1532_B' '2700_D' '2704_D' '1520_B' '1524_B' '2708_D' '2728_D'
 '752_A' '667_A' '2729_D' '753_A' '756_A' '749_A' '2731_D' '671_A'
 '2732_D' '669_A' '670_A' '748_A' '2733_D' '672_A' '673_A' '675_A'
 '2750_D' '1519_B' '1515_B' '1516_B' '2751_D' '1502_B' '1512_B' '2752_D'
 '1518_B' '1494_B' '1495_B' '1493_B' '2753_D' '1496_B' '2761_D' '851_A'
 '2764_D' '2765_D' '2768_D' '848_A' '847_A' '2772_D' '844_A' '2774_D'
 '845_A' '2784_D' '151_E' '2785_D' '750_A' '2791_D' '757_A' '2792_D'
 '2799_D' '760_A' '764_A' '2802_D' '788_A' '784_A' '2805_D' '895_A'
 '791_A' '891_A' '892_A' '2806_D' '783_A' '780_A' '2809_D' '896_A' '899_A'
 '2810_D' '779_A' '776_A' '2812_D' '1528_B' '2813_D' '2814_D' '774_A'
 '2816_D' '1536_B' '1535_B' '2820_D' '2862_D' '1007_B' '1008_B' '2863_D'
 '1048_B' '1009_B' '1010_B' '2873_D' '2876_D' '1092_B' '2882_D' '1543_B'
 '1541_B' '1542_B']","{'F': (2317, '88.84%'), 'A': (215, '8.24%'), 'G': (50, '1.92%'), 'D': (26, '1.00%'), 'gly': 153, 'pro': 111, 'end_res': 10, 'total': 2882, 'T': 2608, 'warning': 'True'}",828,0,0,rank 0 do this
3070_0082-repeat_3_0774.pdb,-1.0254478292772973,-4006.207275390625,0,0.2595920194,2719.89453125,"['2251_D' '586_A' '2284_D' '947_A' '948_A' '946_A' '2285_D' '945_A'
 '2290_D' '588_A' '2291_D' '2325_D' '944_A' '2326_D' '943_A' '942_A'
 '2327_D' '2328_D' '941_A' '2329_D' '962_A' '958_A' '956_A' '2330_D'
 '2332_D' '2337_D' '2365_D' '2366_D' '960_A' '959_A' '2369_D' '961_A'
 '2370_D' '964_A' '963_A' '2372_D' '2374_D' '965_A' '2375_D' '590_A'
 '589_A' '2376_D' '2377_D' '2503_D' '1016_B' '1012_B' '1013_B' '1060_B'
 '1047_B' '2505_D' '1052_B' '1049_B' '2506_D' '1097_B' '2507_D' '1099_B'
 '2584_D' '1471_B' '1469_B' '1470_B' '2669_D' '1507_B' '1451_B' '1452_B'
 '1510_B' '2676_D' '1447_B' '1450_B' '1514_B' '1518_B' '2680_D' '1443_B'
 '1439_B' '1440_B' '2685_D' '2686_D' '2692_D' '1431_B' '2694_D' '1432_B'
 '2696_D' '1436_B' '1526_B' '1529_B' '1433_B' '1533_B' '1429_B' '1530_B'
 '2699_D' '2700_D' '1525_B' '2709_D' '769_A' '2710_D' '776_A' '2713_D'
 '767_A' '2717_D' '763_A' '766_A' '655_A' '2718_D' '764_A' '760_A'
 '2720_D' '663_A' '667_A' '2721_D' '759_A' '2724_D' '666_A' '2725_D'
 '756_A' '2727_D' '669_A' '2728_D' '752_A' '755_A' '2729_D' '753_A'
 '2748_D' '1492_B' '1502_B' '1511_B' '1512_B' '1515_B' '1499_B' '2749_D'
 '1520_B' '1516_B' '2750_D' '1523_B' '2751_D' '1493_B' '1495_B' '1494_B'
 '1491_B' '2752_D' '2754_D' '2162_C' '2158_C' '2755_D' '2134_C' '2765_D'
 '854_A' '851_A' '855_A' '2768_D' '847_A' '850_A' '2772_D' '848_A'
 '2784_D' '749_A' '2785_D' '2788_D' '757_A' '2791_D' '2792_D' '2798_D'
 '788_A' '2802_D' '787_A' '2803_D' '783_A' '784_A' '2805_D' '892_A'
 '2806_D' '895_A' '896_A' '899_A' '2807_D' '779_A' '903_A' '780_A'
 '2808_D' '1528_B' '1524_B' '2809_D' '1531_B' '1532_B' '2810_D' '900_A'
 '2812_D' '2816_D' '1536_B' '2817_D' '2861_D' '975_B' '2862_D' '976_B'
 '981_B' '2882_D' '1065_B' '1064_B']","{'F': (2334, '89.49%'), 'A': (202, '7.75%'), 'G': (54, '2.07%'), 'D': (18, '0.69%'), 'gly': 153, 'pro': 111, 'end_res': 10, 'total': 2882, 'T': 2608, 'warning': 'True'}",982,0,0,rank 0 do this
3070_0082-repeat_1_0731.pdb,-1.0201162878204362,-3395.168212890625,0,-1.37241642,2158.81640625,"['2291_D' '965_A' '2294_D' '963_A' '962_A' '2295_D' '961_A' '2296_D'
 '2297_D' '2330_D' '958_A' '2365_D' '2367_D' '960_A' '2368_D' '964_A'
 '2369_D' '2375_D' '588_A' '589_A' '590_A' '591_A' '2376_D' '2500_D'
 '976_B' '2502_D' '1023_B' '2503_D' '1064_B' '1016_B' '1060_B' '2505_D'
 '1013_B' '1052_B' '1049_B' '1055_B' '1054_B' '1012_B' '2506_D' '1088_B'
 '2507_D' '1051_B' '2584_D' '1446_B' '1450_B' '1453_B' '2585_D' '1473_B'
 '2589_D' '1506_B' '1507_B' '2593_D' '1471_B' '1470_B' '1458_B' '2595_D'
 '2597_D' '1468_B' '1467_B' '2666_D' '2669_D' '1451_B' '2673_D' '1447_B'
 '1510_B' '1514_B' '2676_D' '1443_B' '1444_B' '2677_D' '1440_B' '1517_B'
 '1521_B' '2680_D' '1439_B' '1442_B' '2691_D' '1432_B' '2692_D' '1435_B'
 '2695_D' '1433_B' '2696_D' '1529_B' '1436_B' '1525_B' '2699_D' '1532_B'
 '2700_D' '2703_D' '1528_B' '2704_D' '1520_B' '1524_B' '2708_D' '2717_D'
 '760_A' '763_A' '764_A' '2728_D' '667_A' '752_A' '666_A' '2729_D' '749_A'
 '753_A' '2732_D' '669_A' '748_A' '2733_D' '674_A' '675_A' '2750_D'
 '1516_B' '1519_B' '1515_B' '2751_D' '1512_B' '2752_D' '1494_B' '1495_B'
 '1493_B' '1518_B' '2753_D' '2761_D' '851_A' '2764_D' '2765_D' '848_A'
 '2768_D' '847_A' '2772_D' '844_A' '2774_D' '2785_D' '750_A' '2788_D'
 '756_A' '757_A' '2792_D' '2799_D' '2803_D' '2805_D' '895_A' '787_A'
 '891_A' '2806_D' '783_A' '784_A' '780_A' '2809_D' '899_A' '896_A' '892_A'
 '2810_D' '779_A' '776_A' '2812_D' '1531_B' '2813_D' '2814_D' '774_A'
 '2816_D' '1536_B' '1535_B' '2820_D' '2854_D' '1050_B' '2862_D' '1007_B'
 '1008_B' '2863_D' '1009_B' '1048_B' '2873_D' '2875_D' '1091_B' '1087_B'
 '2876_D']","{'F': (2307, '88.46%'), 'A': (221, '8.47%'), 'G': (55, '2.11%'), 'D': (25, '0.96%'), 'gly': 153, 'pro': 111, 'end_res': 10, 'total': 2882, 'T': 2608, 'warning': 'True'}",847,0,0,rank 0 do this
3070_0082-repeat_3_0418.pdb,-1.0253005001657738,-2487.556640625,0,-0.058507898,1979.2041015625,"['2244_D' '2244_C' '2284_D' '947_A' '948_A' '946_A' '2285_D' '945_A'
 '2290_D' '586_A' '588_A' '2291_D' '2325_D' '944_A' '2326_D' '949_A'
 '943_A' '942_A' '2327_D' '2328_D' '941_A' '2329_D' '958_A' '956_A'
 '957_A' '2332_D' '2333_D' '2337_D' '2365_D' '960_A' '2366_D' '962_A'
 '2369_D' '2370_D' '963_A' '964_A' '2372_D' '965_A' '2374_D' '2375_D'
 '590_A' '589_A' '2376_D' '2377_D' '2503_D' '1012_B' '1009_B' '1063_B'
 '1060_B' '1007_B' '1047_B' '2505_D' '1049_B' '1052_B' '1008_B' '1048_B'
 '2506_D' '1097_B' '2507_D' '2588_D' '1453_B' '1449_B' '1455_B' '1458_B'
 '2669_D' '1510_B' '1507_B' '1451_B' '2672_D' '2673_D' '1513_B' '1514_B'
 '2676_D' '1518_B' '1447_B' '1450_B' '2677_D' '1517_B' '2680_D' '1440_B'
 '1443_B' '1439_B' '2683_D' '2686_D' '1436_B' '1432_B' '1435_B' '2692_D'
 '2696_D' '1526_B' '1529_B' '1429_B' '1530_B' '1533_B' '2699_D' '2700_D'
 '1525_B' '2709_D' '770_A' '767_A' '769_A' '2710_D' '776_A' '903_A'
 '2714_D' '764_A' '2717_D' '763_A' '659_A' '766_A' '2718_D' '760_A'
 '2720_D' '667_A' '2721_D' '2724_D' '666_A' '759_A' '662_A' '2727_D'
 '671_A' '669_A' '2728_D' '752_A' '756_A' '2729_D' '2730_D' '2748_D'
 '1499_B' '1502_B' '2749_D' '1492_B' '1515_B' '1512_B' '2750_D' '1520_B'
 '1493_B' '2751_D' '1494_B' '1495_B' '1491_B' '2752_D' '1523_B' '2754_D'
 '2162_C' '2158_C' '2755_D' '2134_C' '2765_D' '851_A' '854_A' '855_A'
 '2768_D' '847_A' '850_A' '2769_D' '2771_D' '843_A' '2772_D' '2784_D'
 '749_A' '2785_D' '748_A' '2788_D' '757_A' '753_A' '2791_D' '2792_D'
 '2806_D' '895_A' '896_A' '899_A' '787_A' '892_A' '2809_D' '2810_D'
 '900_A' '2812_D' '1528_B' '1532_B' '2814_D' '904_A' '2816_D' '1536_B'
 '2860_D' '972_B' '976_B' '2861_D' '968_B' '969_B' '2862_D' '985_B'
 '2881_D' '2882_D' '1065_B' '1064_B' '1067_B']","{'F': (2316, '88.80%'), 'A': (225, '8.63%'), 'G': (39, '1.50%'), 'D': (28, '1.07%'), 'gly': 153, 'pro': 111, 'end_res': 10, 'total': 2882, 'T': 2608, 'warning': 'True'}",928,0,0,rank 0 do this
3070_0082-repeat_3_0898.pdb,-0.9991517983457165,-4672.5693359375,0,0.27639216120000004,2863.669921875,"['2244_D' '2244_C' '2251_D' '586_A' '944_A' '2290_D' '588_A' '2291_D'
 '2325_D' '2329_D' '958_A' '962_A' '2330_D' '2332_D' '2334_D' '2366_D'
 '960_A' '959_A' '2370_D' '961_A' '964_A' '2374_D' '965_A' '2375_D'
 '590_A' '589_A' '2376_D' '2377_D' '2503_D' '1013_B' '1016_B' '1012_B'
 '1009_B' '1047_B' '2505_D' '1052_B' '1049_B' '2506_D' '1099_B' '1097_B'
 '2507_D' '1093_B' '1096_B' '2508_D' '2509_D' '2584_D' '1471_B' '1472_B'
 '1468_B' '1469_B' '1470_B' '2676_D' '1447_B' '1450_B' '1451_B' '2680_D'
 '1518_B' '1443_B' '1439_B' '1440_B' '2686_D' '2693_D' '1432_B' '2696_D'
 '1436_B' '1526_B' '1529_B' '1433_B' '1429_B' '1533_B' '1430_B' '2699_D'
 '2700_D' '2703_D' '1525_B' '2709_D' '769_A' '2710_D' '770_A' '776_A'
 '2713_D' '767_A' '2717_D' '763_A' '655_A' '766_A' '2718_D' '764_A'
 '760_A' '2720_D' '667_A' '663_A' '2721_D' '2724_D' '666_A' '759_A'
 '2725_D' '756_A' '2727_D' '669_A' '675_A' '676_A' '2728_D' '752_A'
 '2729_D' '753_A' '2730_D' '674_A' '2731_D' '749_A' '2748_D' '1502_B'
 '1492_B' '1499_B' '1515_B' '2749_D' '1520_B' '1516_B' '2751_D' '1495_B'
 '1491_B' '1493_B' '1494_B' '1519_B' '2752_D' '1524_B' '1523_B' '2754_D'
 '2162_C' '2158_C' '2764_D' '854_A' '2765_D' '851_A' '855_A' '2768_D'
 '850_A' '847_A' '2769_D' '2772_D' '2774_D' '848_A' '2784_D' '2785_D'
 '2788_D' '757_A' '2791_D' '2792_D' '2803_D' '784_A' '783_A' '2806_D'
 '895_A' '899_A' '2807_D' '779_A' '780_A' '2808_D' '1528_B' '2809_D'
 '1531_B' '2810_D' '900_A' '2812_D' '1532_B' '2814_D' '904_A' '2816_D'
 '1536_B' '2817_D' '2879_D' '2881_D' '1064_B' '2882_D' '1065_B']","{'F': (2308, '88.50%'), 'A': (227, '8.70%'), 'G': (55, '2.11%'), 'D': (18, '0.69%'), 'gly': 153, 'pro': 111, 'end_res': 10, 'total': 2882, 'T': 2608, 'warning': 'True'}",911,0,0,rank 0 do this
3070_0082-repeat_1_0337.pdb,-1.003555609495052,-4244.53271484375,0,-0.4928629142,2408.02734375,"['2291_D' '965_A' '2297_D' '963_A' '2365_D' '962_A' '961_A' '2367_D'
 '964_A' '2368_D' '2370_D' '588_A' '2371_D' '641_A' '642_A' '638_A'
 '2372_D' '2373_D' '2375_D' '590_A' '2503_D' '1064_B' '1016_B' '2505_D'
 '1052_B' '1010_B' '1054_B' '1055_B' '1060_B' '2506_D' '2507_D' '1088_B'
 '1051_B' '2583_D' '1450_B' '2584_D' '1446_B' '1442_B' '1445_B' '1449_B'
 '1453_B' '1473_B' '2585_D' '2586_D' '1455_B' '1458_B' '1456_B' '2588_D'
 '2589_D' '2593_D' '1470_B' '2595_D' '1471_B' '1472_B' '2597_D' '1467_B'
 '1468_B' '2666_D' '1507_B' '1506_B' '2669_D' '1451_B' '2673_D' '1510_B'
 '1447_B' '1514_B' '2676_D' '1443_B' '1444_B' '2677_D' '1440_B' '1517_B'
 '2680_D' '1439_B' '2691_D' '1432_B' '2692_D' '1436_B' '1435_B' '2695_D'
 '1433_B' '1529_B' '1533_B' '2696_D' '1525_B' '1521_B' '2699_D' '1532_B'
 '2700_D' '2703_D' '1528_B' '2704_D' '1520_B' '1524_B' '2717_D' '760_A'
 '764_A' '2725_D' '756_A' '2728_D' '669_A' '752_A' '667_A' '2729_D'
 '749_A' '753_A' '2732_D' '675_A' '748_A' '670_A' '2733_D' '672_A' '673_A'
 '674_A' '2749_D' '1516_B' '2750_D' '1519_B' '2751_D' '1515_B' '1512_B'
 '2752_D' '1518_B' '1493_B' '1494_B' '1495_B' '2753_D' '2761_D' '851_A'
 '2764_D' '2765_D' '2768_D' '847_A' '2772_D' '843_A' '844_A' '840_A'
 '2774_D' '848_A' '2784_D' '151_E' '2785_D' '2788_D' '757_A' '2791_D'
 '2792_D' '2805_D' '783_A' '787_A' '891_A' '895_A' '892_A' '2806_D'
 '780_A' '779_A' '784_A' '2809_D' '896_A' '899_A' '2810_D' '2812_D'
 '1531_B' '2813_D' '2814_D' '774_A' '2820_D' '1536_B' '2860_D' '972_B'
 '2861_D' '968_B' '2862_D' '969_B']","{'F': (2320, '88.96%'), 'A': (219, '8.40%'), 'G': (54, '2.07%'), 'D': (15, '0.58%'), 'gly': 153, 'pro': 111, 'end_res': 10, 'total': 2882, 'T': 2608, 'warning': 'True'}",761,0,0,rank 0 do this
3070_0082-repeat_1_0232.pdb,-0.9316052777940809,-2978.49658203125,0,0.35375432399999995,2328.474609375,"['2329_D' '961_A' '2330_D' '962_A' '2368_D' '964_A' '2370_D' '588_A'
 '2371_D' '586_A' '642_A' '641_A' '2372_D' '2373_D' '589_A' '590_A'
 '2374_D' '2375_D' '591_A' '2377_D' '2503_D' '1064_B' '1063_B' '1016_B'
 '1060_B' '2505_D' '1052_B' '1010_B' '1012_B' '1011_B' '1053_B' '1054_B'
 '1055_B' '2506_D' '2507_D' '1088_B' '1051_B' '2584_D' '1446_B' '1442_B'
 '1443_B' '2585_D' '1473_B' '2588_D' '1458_B' '1455_B' '1456_B' '2589_D'
 '1457_B' '2597_D' '1470_B' '2666_D' '1507_B' '1506_B' '2669_D' '1450_B'
 '2673_D' '1447_B' '1451_B' '2676_D' '2677_D' '1440_B' '2691_D' '1429_B'
 '1432_B' '2692_D' '2695_D' '1529_B' '1533_B' '2696_D' '1525_B' '1433_B'
 '1436_B' '1521_B' '2699_D' '1528_B' '1532_B' '2700_D' '2703_D' '2704_D'
 '1520_B' '1524_B' '2707_D' '2708_D' '2711_D' '1516_B' '2724_D' '667_A'
 '2728_D' '666_A' '2729_D' '756_A' '753_A' '752_A' '2732_D' '670_A'
 '674_A' '675_A' '2748_D' '1502_B' '1512_B' '2749_D' '2750_D' '1519_B'
 '1515_B' '2751_D' '1492_B' '1495_B' '1444_B' '1518_B' '1493_B' '2752_D'
 '1523_B' '2768_D' '848_A' '2772_D' '844_A' '2784_D' '749_A' '2785_D'
 '2792_D' '760_A' '2795_D' '757_A' '2796_D' '2799_D' '764_A' '2805_D'
 '895_A' '787_A' '891_A' '892_A' '2806_D' '783_A' '780_A' '784_A' '2809_D'
 '896_A' '899_A' '2810_D' '779_A' '2812_D' '1531_B' '2813_D' '903_A'
 '2814_D' '776_A' '2816_D' '2820_D' '1536_B']","{'F': (2317, '88.84%'), 'A': (214, '8.21%'), 'G': (51, '1.96%'), 'D': (26, '1.00%'), 'gly': 153, 'pro': 111, 'end_res': 10, 'total': 2882, 'T': 2608, 'warning': 'True'}",678,0,0,rank 0 do this
3070_0082-repeat_3_0127.pdb,-0.984967771214119,-2922.062744140625,0,-0.1201629648,2019.1689453125,"['2244_D' '2244_C' '2254_D' '585_A' '2290_D' '588_A' '586_A' '2291_D'
 '2294_D' '2295_D' '584_A' '2326_D' '944_A' '945_A' '2327_D' '2328_D'
 '2329_D' '958_A' '959_A' '956_A' '957_A' '2332_D' '2338_D' '2366_D'
 '962_A' '960_A' '961_A' '2374_D' '963_A' '2375_D' '589_A' '590_A'
 '2376_D' '2377_D' '2502_D' '1013_B' '1008_B' '2503_D' '1012_B' '1064_B'
 '1063_B' '1009_B' '1060_B' '1055_B' '2505_D' '1052_B' '1047_B' '1049_B'
 '2579_D' '1442_B' '1446_B' '2584_D' '1482_B' '2666_D' '1507_B' '1510_B'
 '2669_D' '1451_B' '1452_B' '2673_D' '1514_B' '2676_D' '1447_B' '1450_B'
 '2677_D' '1518_B' '2680_D' '1440_B' '1443_B' '1439_B' '2683_D' '1436_B'
 '2684_D' '2686_D' '1435_B' '1431_B' '2692_D' '1432_B' '2696_D' '1526_B'
 '1529_B' '1533_B' '1530_B' '1429_B' '2699_D' '2700_D' '1525_B' '2710_D'
 '776_A' '780_A' '2713_D' '767_A' '769_A' '2717_D' '763_A' '655_A' '766_A'
 '659_A' '2718_D' '764_A' '760_A' '2720_D' '2721_D' '2724_D' '667_A'
 '666_A' '662_A' '663_A' '2727_D' '669_A' '2728_D' '756_A' '2729_D'
 '752_A' '2748_D' '1502_B' '1499_B' '2749_D' '1512_B' '1515_B' '1516_B'
 '2750_D' '1519_B' '2751_D' '1495_B' '1493_B' '1494_B' '1492_B' '1491_B'
 '2752_D' '1523_B' '1524_B' '2754_D' '2162_C' '2158_C' '2755_D' '2134_C'
 '2765_D' '855_A' '851_A' '2768_D' '847_A' '850_A' '854_A' '2772_D'
 '848_A' '2784_D' '675_A' '749_A' '2785_D' '753_A' '2788_D' '757_A'
 '2791_D' '2792_D' '2802_D' '787_A' '2803_D' '784_A' '783_A' '2806_D'
 '899_A' '895_A' '2807_D' '2810_D' '896_A' '900_A' '2812_D' '1528_B'
 '1532_B' '2814_D' '904_A' '2816_D' '1536_B' '2817_D' '2820_D' '1540_B'
 '2857_D' '1006_B' '1005_B' '2858_D' '2859_D' '971_B' '2860_D' '968_B'
 '1003_B' '972_B' '2861_D' '2862_D' '969_B' '976_B' '2863_D' '2882_D'
 '1016_B' '1065_B']","{'F': (2291, '87.85%'), 'A': (246, '9.43%'), 'G': (46, '1.76%'), 'D': (25, '0.96%'), 'gly': 153, 'pro': 111, 'end_res': 10, 'total': 2882, 'T': 2608, 'warning': 'True'}",868,0,0,rank 0 do this
3070_0082-repeat_3_0178.pdb,-0.9915327785783591,-3746.49462890625,0,-0.07713567824,2157.482421875,"['2251_D' '586_A' '2290_D' '588_A' '2291_D' '2292_D' '2293_D' '2294_D'
 '2295_D' '584_A' '2329_D' '960_A' '942_A' '943_A' '957_A' '962_A'
 '2330_D' '2332_D' '2338_D' '589_A' '2366_D' '961_A' '2367_D' '2370_D'
 '964_A' '2374_D' '965_A' '2375_D' '590_A' '2376_D' '2377_D' '2424_D'
 '2476_D' '2503_D' '1012_B' '1064_B' '1060_B' '1009_B' '1047_B' '1055_B'
 '2505_D' '1052_B' '1048_B' '1049_B' '2506_D' '2584_D' '1482_B' '2587_D'
 '1458_B' '2588_D' '1459_B' '2669_D' '1510_B' '1451_B' '1452_B' '1507_B'
 '2672_D' '2673_D' '1514_B' '2676_D' '1447_B' '1518_B' '2677_D' '1517_B'
 '2680_D' '1440_B' '1443_B' '1439_B' '1446_B' '1442_B' '2681_D' '2683_D'
 '2686_D' '1435_B' '1432_B' '1436_B' '2692_D' '1429_B' '2696_D' '1526_B'
 '1529_B' '1530_B' '1533_B' '2699_D' '2700_D' '1525_B' '2703_D' '2709_D'
 '769_A' '770_A' '767_A' '2710_D' '776_A' '780_A' '2717_D' '763_A' '659_A'
 '2718_D' '764_A' '2720_D' '667_A' '2721_D' '760_A' '2724_D' '666_A'
 '759_A' '2725_D' '756_A' '2727_D' '671_A' '669_A' '2728_D' '752_A'
 '2729_D' '753_A' '2730_D' '672_A' '674_A' '675_A' '2731_D' '2748_D'
 '1499_B' '1502_B' '2749_D' '1512_B' '1492_B' '1511_B' '2750_D' '1515_B'
 '1516_B' '1519_B' '2751_D' '1493_B' '1494_B' '1495_B' '2752_D' '1523_B'
 '2754_D' '2162_C' '2158_C' '2755_D' '2134_C' '2765_D' '851_A' '854_A'
 '855_A' '2768_D' '847_A' '850_A' '2769_D' '2772_D' '844_A' '848_A'
 '2784_D' '749_A' '2785_D' '2788_D' '757_A' '2791_D' '2806_D' '895_A'
 '896_A' '899_A' '891_A' '892_A' '2807_D' '783_A' '2810_D' '900_A'
 '2812_D' '1528_B' '1532_B' '2816_D' '1536_B' '2817_D' '2858_D' '1006_B'
 '1008_B' '2859_D' '1003_B' '971_B' '2860_D' '968_B' '972_B' '2861_D'
 '2862_D' '969_B' '976_B' '2881_D' '1063_B' '2882_D' '1016_B' '1065_B']","{'F': (2286, '87.65%'), 'A': (264, '10.12%'), 'G': (43, '1.65%'), 'D': (15, '0.58%'), 'gly': 153, 'pro': 111, 'end_res': 10, 'total': 2882, 'T': 2608, 'warning': 'True'}",944,0,0,rank 0 do this
3070_0082-repeat_1_0107.pdb,-0.8067466251221289,-2675.59423828125,0,-0.229005486,1750.07421875,"['2244_D' '2244_C' '2256_D' '586_A' '2257_D' '2258_D' '2297_D' '2298_D'
 '2299_D' '2325_D' '588_A' '2329_D' '960_A' '961_A' '962_A' '2330_D'
 '963_A' '589_A' '590_A' '965_A' '2362_D' '2364_D' '2366_D' '2367_D'
 '2368_D' '2369_D' '964_A' '2370_D' '2503_D' '1064_B' '1063_B' '1016_B'
 '1060_B' '2505_D' '1010_B' '1052_B' '1009_B' '1054_B' '1012_B' '1055_B'
 '1011_B' '2506_D' '2507_D' '1088_B' '1051_B' '2508_D' '2584_D' '1446_B'
 '1442_B' '1443_B' '2670_D' '1507_B' '2673_D' '1447_B' '1450_B' '1451_B'
 '2676_D' '1444_B' '2677_D' '1440_B' '1514_B' '2680_D' '1439_B' '2691_D'
 '1432_B' '2692_D' '2696_D' '1529_B' '1533_B' '1526_B' '1525_B' '1433_B'
 '2699_D' '1532_B' '2700_D' '2703_D' '1528_B' '2704_D' '1521_B' '2729_D'
 '753_A' '756_A' '752_A' '2731_D' '669_A' '2748_D' '1512_B' '1502_B'
 '2749_D' '1516_B' '2751_D' '1499_B' '1494_B' '1495_B' '1492_B' '1493_B'
 '1519_B' '1515_B' '1518_B' '2752_D' '2753_D' '1497_B' '2760_D' '884_A'
 '2765_D' '851_A' '2768_D' '847_A' '2772_D' '843_A' '844_A' '840_A'
 '2774_D' '848_A' '2784_D' '749_A' '2785_D' '750_A' '2788_D' '2791_D'
 '757_A' '2792_D' '760_A' '2795_D' '761_A' '764_A' '2796_D' '2799_D'
 '2805_D' '895_A' '783_A' '787_A' '892_A' '2806_D' '784_A' '780_A' '779_A'
 '2807_D' '776_A' '2809_D' '899_A' '896_A' '2810_D' '2812_D' '1531_B'
 '2813_D' '903_A' '2814_D']","{'F': (2297, '88.08%'), 'A': (236, '9.05%'), 'G': (54, '2.07%'), 'D': (21, '0.81%'), 'gly': 153, 'pro': 111, 'end_res': 10, 'total': 2882, 'T': 2608, 'warning': 'True'}",669,0,0,rank 0 do this
3070_0082-repeat_3_0310.pdb,-1.0323185722413906,-2601.64013671875,0,0.7031704860000001,2307.8486328125,"['2285_D' '946_A' '945_A' '2290_D' '588_A' '586_A' '2291_D' '2295_D'
 '584_A' '592_A' '2325_D' '944_A' '2326_D' '947_A' '948_A' '943_A'
 '2327_D' '2329_D' '958_A' '960_A' '959_A' '2330_D' '2332_D' '2334_D'
 '2366_D' '962_A' '2367_D' '2372_D' '965_A' '2374_D' '2375_D' '589_A'
 '590_A' '2376_D' '2377_D' '2424_D' '2476_D' '2503_D' '1012_B' '1060_B'
 '1009_B' '1047_B' '2505_D' '1052_B' '1055_B' '1048_B' '1049_B' '2506_D'
 '1097_B' '2588_D' '1458_B' '1449_B' '1453_B' '1455_B' '1459_B' '2666_D'
 '1507_B' '2669_D' '1510_B' '1451_B' '1452_B' '2672_D' '2673_D' '1514_B'
 '2676_D' '1447_B' '2677_D' '1518_B' '2680_D' '1443_B' '1439_B' '1440_B'
 '1446_B' '1442_B' '2684_D' '2686_D' '1432_B' '1435_B' '1436_B' '1431_B'
 '1357_B' '2691_D' '2692_D' '1526_B' '1429_B' '1433_B' '2696_D' '1530_B'
 '1533_B' '2699_D' '1529_B' '2700_D' '1525_B' '2703_D' '2709_D' '769_A'
 '770_A' '767_A' '2714_D' '764_A' '2717_D' '763_A' '766_A' '655_A' '659_A'
 '2718_D' '760_A' '2720_D' '667_A' '2721_D' '2724_D' '666_A' '759_A'
 '662_A' '2727_D' '671_A' '669_A' '2728_D' '752_A' '756_A' '675_A'
 '2729_D' '2730_D' '674_A' '2748_D' '1502_B' '2749_D' '1512_B' '1499_B'
 '1492_B' '1511_B' '1515_B' '2751_D' '1493_B' '1495_B' '1519_B' '2752_D'
 '1523_B' '2754_D' '2162_C' '2158_C' '2755_D' '2134_C' '2135_C' '2765_D'
 '854_A' '851_A' '855_A' '2768_D' '850_A' '847_A' '2769_D' '2772_D'
 '848_A' '2774_D' '2784_D' '749_A' '2785_D' '753_A' '2787_D' '757_A'
 '2788_D' '2791_D' '2799_D' '2803_D' '784_A' '783_A' '787_A' '2805_D'
 '892_A' '2806_D' '895_A' '899_A' '896_A' '2807_D' '2810_D' '900_A'
 '2812_D' '1532_B' '1528_B' '2815_D' '2816_D' '1536_B' '2817_D' '2857_D'
 '1005_B' '1006_B' '1007_B' '2859_D' '971_B' '1008_B' '2860_D' '968_B'
 '972_B' '2861_D' '2862_D' '969_B' '976_B' '2882_D' '1064_B' '1016_B'
 '1065_B']","{'F': (2311, '88.61%'), 'A': (237, '9.09%'), 'G': (47, '1.80%'), 'D': (13, '0.50%'), 'gly': 153, 'pro': 111, 'end_res': 10, 'total': 2882, 'T': 2608, 'warning': 'True'}",952,0,0,rank 0 do this
3070_0082-repeat_1_0277.pdb,-0.95721008041295,-3841.00439453125,0,0.31829118219999997,2152.779296875,"['2291_D' '965_A' '2330_D' '962_A' '963_A' '2368_D' '960_A' '2370_D'
 '588_A' '2371_D' '964_A' '586_A' '642_A' '641_A' '2372_D' '2373_D'
 '589_A' '590_A' '2374_D' '2375_D' '2377_D' '2503_D' '1064_B' '1016_B'
 '1060_B' '1052_B' '2505_D' '1010_B' '1012_B' '1011_B' '1009_B' '1041_B'
 '1054_B' '2506_D' '2507_D' '1088_B' '1051_B' '2508_D' '2584_D' '1446_B'
 '2588_D' '1473_B' '1455_B' '1458_B' '2673_D' '1451_B' '1447_B' '1450_B'
 '2676_D' '1443_B' '1444_B' '2677_D' '1514_B' '1440_B' '2680_D' '1439_B'
 '1442_B' '2691_D' '1432_B' '2692_D' '1435_B' '1436_B' '2696_D' '1529_B'
 '1525_B' '2699_D' '1532_B' '1533_B' '2700_D' '1521_B' '2703_D' '1528_B'
 '2704_D' '1520_B' '1524_B' '2724_D' '667_A' '2728_D' '669_A' '666_A'
 '2729_D' '749_A' '752_A' '2732_D' '670_A' '675_A' '2733_D' '671_A'
 '672_A' '673_A' '2736_D' '2748_D' '1512_B' '1513_B' '1516_B' '2749_D'
 '2750_D' '1519_B' '2751_D' '1515_B' '1492_B' '1493_B' '2752_D' '2761_D'
 '851_A' '2764_D' '2765_D' '2768_D' '847_A' '2772_D' '844_A' '843_A'
 '2774_D' '848_A' '2785_D' '2788_D' '753_A' '756_A' '757_A' '2791_D'
 '2792_D' '760_A' '2796_D' '2799_D' '764_A' '2802_D' '788_A' '791_A'
 '787_A' '2805_D' '783_A' '891_A' '895_A' '892_A' '2806_D' '780_A' '784_A'
 '2809_D' '896_A' '899_A' '2810_D' '779_A' '776_A' '2812_D' '1531_B'
 '2813_D' '2814_D' '2820_D' '1536_B' '2824_D' '2860_D' '972_B']","{'F': (2300, '88.19%'), 'A': (249, '9.55%'), 'G': (44, '1.69%'), 'D': (15, '0.58%'), 'gly': 153, 'pro': 111, 'end_res': 10, 'total': 2882, 'T': 2608, 'warning': 'True'}",662,0,0,rank 0 do this
3070_0082-repeat_3_0975.pdb,-1.0435117076352933,-4239.28271484375,0,0.4493074760000001,2737.044921875,"['2244_D' '2244_C' '2251_D' '586_A' '2290_D' '588_A' '2291_D' '2294_D'
 '2325_D' '2327_D' '941_A' '2329_D' '956_A' '958_A' '2330_D' '2332_D'
 '2366_D' '962_A' '959_A' '960_A' '2369_D' '2370_D' '2372_D' '965_A'
 '2374_D' '2375_D' '590_A' '589_A' '2376_D' '2377_D' '2503_D' '1016_B'
 '1063_B' '1064_B' '1060_B' '1012_B' '1047_B' '2505_D' '1052_B' '1049_B'
 '2506_D' '1099_B' '2507_D' '1097_B' '2584_D' '1471_B' '1474_B' '1466_B'
 '1472_B' '1468_B' '1469_B' '1470_B' '1465_B' '2585_D' '2669_D' '1451_B'
 '1507_B' '2672_D' '1450_B' '2673_D' '2676_D' '1447_B' '1446_B' '2680_D'
 '1439_B' '1443_B' '1440_B' '2694_D' '1432_B' '1436_B' '2695_D' '1533_B'
 '1429_B' '2696_D' '1526_B' '1529_B' '1433_B' '1530_B' '2699_D' '1532_B'
 '2700_D' '2703_D' '1525_B' '2709_D' '769_A' '2710_D' '770_A' '776_A'
 '2713_D' '767_A' '2714_D' '2717_D' '763_A' '655_A' '766_A' '2718_D'
 '764_A' '760_A' '2720_D' '667_A' '2721_D' '759_A' '2723_D' '2724_D'
 '666_A' '662_A' '2727_D' '671_A' '669_A' '2728_D' '756_A' '665_A'
 '2729_D' '752_A' '753_A' '2730_D' '674_A' '675_A' '2748_D' '1502_B'
 '1512_B' '1515_B' '2749_D' '1520_B' '1516_B' '2751_D' '1491_B' '1494_B'
 '1495_B' '1493_B' '2752_D' '1523_B' '2754_D' '2162_C' '2765_D' '854_A'
 '851_A' '855_A' '2768_D' '847_A' '850_A' '2769_D' '2772_D' '848_A'
 '2774_D' '2785_D' '749_A' '2788_D' '2798_D' '788_A' '2799_D' '2803_D'
 '783_A' '780_A' '784_A' '2806_D' '895_A' '2807_D' '779_A' '2808_D'
 '1528_B' '2809_D' '899_A' '1531_B' '2810_D' '903_A' '902_A' '2812_D'
 '2813_D' '2814_D' '2816_D' '1536_B' '2861_D' '974_B' '975_B' '1008_B'
 '971_B' '2862_D' '972_B' '2881_D' '2882_D' '1065_B']","{'F': (2325, '89.15%'), 'A': (220, '8.44%'), 'G': (41, '1.57%'), 'D': (22, '0.84%'), 'gly': 153, 'pro': 111, 'end_res': 10, 'total': 2882, 'T': 2608, 'warning': 'True'}",877,0,0,rank 0 do this
3070_0082-repeat_3_0829.pdb,-1.0315642028808831,-3506.8759765625,0,-0.08943688600000002,2304.951171875,"['2244_D' '2244_C' '2251_D' '586_A' '2290_D' '588_A' '2291_D' '2294_D'
 '2325_D' '944_A' '2326_D' '943_A' '942_A' '941_A' '949_A' '946_A' '947_A'
 '2329_D' '962_A' '958_A' '956_A' '2330_D' '2332_D' '2337_D' '2366_D'
 '960_A' '959_A' '2370_D' '961_A' '963_A' '964_A' '2372_D' '965_A'
 '2374_D' '2375_D' '590_A' '589_A' '2376_D' '2377_D' '2424_D' '2503_D'
 '1016_B' '1013_B' '1012_B' '1047_B' '1009_B' '2505_D' '1099_B' '1052_B'
 '1049_B' '2506_D' '2507_D' '1093_B' '1097_B' '2509_D' '2588_D' '1460_B'
 '2669_D' '1451_B' '1507_B' '2672_D' '1450_B' '2676_D' '1447_B' '2680_D'
 '1440_B' '2685_D' '1439_B' '2694_D' '1432_B' '2696_D' '1436_B' '1526_B'
 '1529_B' '1433_B' '1530_B' '1533_B' '1429_B' '2699_D' '2700_D' '1525_B'
 '2709_D' '770_A' '769_A' '2713_D' '767_A' '2717_D' '764_A' '763_A'
 '766_A' '2718_D' '760_A' '2720_D' '667_A' '2721_D' '2724_D' '666_A'
 '759_A' '2725_D' '756_A' '2727_D' '669_A' '2728_D' '755_A' '2729_D'
 '753_A' '752_A' '2730_D' '675_A' '2748_D' '1512_B' '1502_B' '2749_D'
 '1515_B' '1520_B' '1516_B' '2751_D' '1495_B' '1493_B' '1494_B' '1492_B'
 '1491_B' '2752_D' '2754_D' '2162_C' '2158_C' '2755_D' '2134_C' '2765_D'
 '854_A' '851_A' '855_A' '2768_D' '847_A' '850_A' '2772_D' '848_A'
 '2774_D' '2784_D' '749_A' '2785_D' '2788_D' '757_A' '2791_D' '2792_D'
 '2798_D' '787_A' '2802_D' '783_A' '895_A' '2803_D' '780_A' '784_A'
 '2806_D' '899_A' '892_A' '896_A' '2807_D' '779_A' '903_A' '2808_D'
 '1528_B' '1524_B' '2809_D' '1531_B' '1532_B' '2810_D' '900_A' '2812_D'
 '2816_D' '1536_B' '2817_D' '2879_D' '2881_D' '1063_B' '1064_B' '2882_D'
 '1065_B']","{'F': (2325, '89.15%'), 'A': (213, '8.17%'), 'G': (57, '2.19%'), 'D': (13, '0.50%'), 'gly': 153, 'pro': 111, 'end_res': 10, 'total': 2882, 'T': 2608, 'warning': 'True'}",892,0,0,rank 0 do this
3070_0082-repeat_1_0991.pdb,-1.0099167931260566,-2753.903076171875,0,0.16138135199999998,2221.759765625,"['2244_D' '2244_C' '2291_D' '965_A' '963_A' '2294_D' '962_A' '2295_D'
 '961_A' '2297_D' '585_A' '586_A' '2298_D' '2330_D' '960_A' '958_A'
 '2368_D' '964_A' '2369_D' '2371_D' '2375_D' '588_A' '587_A' '589_A'
 '2499_D' '968_B' '972_B' '969_B' '2500_D' '1017_B' '971_B' '1018_B'
 '1039_B' '2503_D' '1064_B' '1016_B' '1063_B' '1060_B' '2505_D' '1052_B'
 '1013_B' '1054_B' '1055_B' '2506_D' '1088_B' '2507_D' '1051_B' '2584_D'
 '1450_B' '1446_B' '2585_D' '1473_B' '2586_D' '1474_B' '2587_D' '2588_D'
 '1456_B' '1460_B' '2589_D' '1458_B' '1457_B' '2593_D' '1471_B' '1470_B'
 '2594_D' '2595_D' '1472_B' '2597_D' '1463_B' '2666_D' '1507_B' '2669_D'
 '1451_B' '2673_D' '1447_B' '1510_B' '1514_B' '2676_D' '1443_B' '2677_D'
 '1444_B' '1440_B' '2680_D' '1442_B' '2691_D' '1432_B' '1429_B' '2692_D'
 '1435_B' '1436_B' '2695_D' '1433_B' '1529_B' '2696_D' '1525_B' '1521_B'
 '2699_D' '1528_B' '1532_B' '2700_D' '2704_D' '1520_B' '1524_B' '2708_D'
 '2724_D' '667_A' '2728_D' '752_A' '666_A' '2729_D' '749_A' '753_A'
 '2731_D' '671_A' '670_A' '2732_D' '669_A' '748_A' '2733_D' '672_A'
 '673_A' '674_A' '675_A' '2749_D' '1516_B' '2750_D' '1519_B' '1515_B'
 '2751_D' '1512_B' '2752_D' '1495_B' '1518_B' '1523_B' '2753_D' '1496_B'
 '1497_B' '2761_D' '851_A' '2765_D' '2768_D' '848_A' '847_A' '2772_D'
 '844_A' '2774_D' '845_A' '2784_D' '151_E' '148_E' '2785_D' '2791_D'
 '757_A' '2792_D' '756_A' '2796_D' '760_A' '2799_D' '764_A' '2802_D'
 '788_A' '2803_D' '2805_D' '895_A' '791_A' '891_A' '892_A' '2806_D'
 '783_A' '780_A' '779_A' '784_A' '2809_D' '896_A' '2810_D' '776_A'
 '2812_D' '1531_B' '2814_D' '774_A' '2816_D' '1535_B' '1536_B' '2820_D'
 '2824_D' '2861_D' '1009_B' '1008_B' '2862_D' '1007_B' '2863_D' '1048_B'
 '1049_B' '1010_B' '2864_D' '1041_B' '2873_D' '2882_D' '1548_B' '1552_B'
 '1551_B' '1258_B' '1257_B']","{'F': (2307, '88.46%'), 'A': (229, '8.78%'), 'G': (47, '1.80%'), 'D': (25, '0.96%'), 'gly': 153, 'pro': 111, 'end_res': 10, 'total': 2882, 'T': 2608, 'warning': 'True'}",963,0,0,rank 0 do this
3070_0082-repeat_3_0233.pdb,-0.9946831845420643,-2641.400390625,0,0.2235008218,2059.23828125,"['2251_D' '586_A' '2290_D' '588_A' '2291_D' '945_A' '2295_D' '592_A'
 '584_A' '585_A' '593_A' '2296_D' '2325_D' '944_A' '2326_D' '943_A'
 '2327_D' '2329_D' '960_A' '942_A' '962_A' '2330_D' '2333_D' '2342_D'
 '2366_D' '961_A' '2367_D' '2370_D' '963_A' '2372_D' '965_A' '2374_D'
 '2375_D' '589_A' '590_A' '2376_D' '2377_D' '2424_D' '2503_D' '1012_B'
 '1064_B' '1060_B' '1007_B' '1009_B' '1047_B' '1055_B' '2505_D' '1052_B'
 '1048_B' '1049_B' '2506_D' '2584_D' '1482_B' '2587_D' '1458_B' '2588_D'
 '1461_B' '2669_D' '1451_B' '1507_B' '1510_B' '2672_D' '2673_D' '1514_B'
 '2676_D' '1447_B' '1450_B' '2677_D' '1518_B' '2680_D' '1443_B' '1440_B'
 '1439_B' '1446_B' '1442_B' '2684_D' '2686_D' '1435_B' '1436_B' '2691_D'
 '1432_B' '1357_B' '2692_D' '1433_B' '1429_B' '2696_D' '1533_B' '1526_B'
 '1530_B' '1529_B' '2699_D' '2700_D' '1525_B' '2709_D' '769_A' '770_A'
 '774_A' '767_A' '2710_D' '776_A' '2713_D' '2717_D' '763_A' '655_A'
 '766_A' '659_A' '2718_D' '764_A' '760_A' '2720_D' '663_A' '667_A'
 '2721_D' '2724_D' '666_A' '759_A' '662_A' '2725_D' '756_A' '2727_D'
 '670_A' '671_A' '669_A' '2728_D' '752_A' '755_A' '665_A' '2729_D' '753_A'
 '2730_D' '674_A' '675_A' '2731_D' '2748_D' '1502_B' '1499_B' '2749_D'
 '1512_B' '1492_B' '1511_B' '1515_B' '2750_D' '1516_B' '1519_B' '2751_D'
 '1493_B' '1494_B' '1495_B' '2752_D' '1523_B' '2755_D' '2134_C' '2761_D'
 '854_A' '2765_D' '851_A' '855_A' '2768_D' '850_A' '847_A' '2769_D'
 '2772_D' '848_A' '2784_D' '749_A' '2785_D' '2788_D' '757_A' '2791_D'
 '2792_D' '2802_D' '787_A' '791_A' '2803_D' '784_A' '783_A' '2805_D'
 '892_A' '2806_D' '895_A' '896_A' '899_A' '2807_D' '903_A' '779_A' '780_A'
 '2810_D' '900_A' '2812_D' '1528_B' '1532_B' '2814_D' '904_A' '2816_D'
 '1536_B' '2858_D' '1008_B' '1006_B' '2859_D' '971_B' '2860_D' '1003_B'
 '968_B' '972_B' '2861_D' '976_B' '2862_D' '2863_D' '981_B' '1013_B'
 '2881_D' '1063_B' '1065_B' '2882_D' '1016_B']","{'F': (2300, '88.19%'), 'A': (238, '9.13%'), 'G': (50, '1.92%'), 'D': (20, '0.77%'), 'gly': 153, 'pro': 111, 'end_res': 10, 'total': 2882, 'T': 2608, 'warning': 'True'}",1032,0,0,rank 0 do this
3070_0082-repeat_1_0527.pdb,-0.9979548877817983,-3488.618408203125,0,-1.9019397200000001,2338.1650390625,"['2291_D' '965_A' '2329_D' '962_A' '961_A' '2330_D' '963_A' '2365_D'
 '2367_D' '960_A' '958_A' '2368_D' '642_A' '964_A' '2369_D' '588_A'
 '2370_D' '2371_D' '2373_D' '638_A' '2375_D' '591_A' '637_A' '641_A'
 '2376_D' '589_A' '2503_D' '1064_B' '1016_B' '1060_B' '1063_B' '2505_D'
 '1013_B' '1012_B' '1052_B' '1010_B' '1055_B' '1053_B' '1054_B' '2506_D'
 '1088_B' '2507_D' '1051_B' '2584_D' '1450_B' '1446_B' '1453_B' '2585_D'
 '1473_B' '2586_D' '1456_B' '2587_D' '1458_B' '2588_D' '1457_B' '2589_D'
 '2595_D' '2597_D' '1470_B' '1468_B' '2666_D' '1507_B' '2669_D' '1451_B'
 '2673_D' '1447_B' '1514_B' '2676_D' '1443_B' '1444_B' '2677_D' '1440_B'
 '1517_B' '2680_D' '1439_B' '1442_B' '2691_D' '1432_B' '2692_D' '1436_B'
 '1435_B' '2695_D' '1433_B' '2696_D' '1529_B' '1525_B' '2699_D' '1532_B'
 '2700_D' '1521_B' '2703_D' '1528_B' '2704_D' '1520_B' '1524_B' '2708_D'
 '2717_D' '760_A' '764_A' '2724_D' '667_A' '2728_D' '752_A' '2729_D'
 '753_A' '756_A' '2732_D' '669_A' '749_A' '748_A' '2750_D' '1516_B'
 '1519_B' '1515_B' '2751_D' '1512_B' '1502_B' '2752_D' '1494_B' '1495_B'
 '1493_B' '1518_B' '2753_D' '2764_D' '851_A' '2765_D' '848_A' '852_A'
 '2768_D' '847_A' '2772_D' '844_A' '843_A' '2774_D' '2784_D' '151_E'
 '2785_D' '750_A' '2791_D' '757_A' '2792_D' '2795_D' '2799_D' '2802_D'
 '787_A' '791_A' '784_A' '2803_D' '2805_D' '891_A' '895_A' '2806_D'
 '783_A' '780_A' '2809_D' '896_A' '899_A' '892_A' '2810_D' '779_A'
 '2812_D' '1531_B' '2813_D' '2814_D' '774_A' '776_A' '2816_D' '1536_B'
 '1535_B' '2820_D']","{'F': (2307, '88.46%'), 'A': (225, '8.63%'), 'G': (54, '2.07%'), 'D': (22, '0.84%'), 'gly': 153, 'pro': 111, 'end_res': 10, 'total': 2882, 'T': 2608, 'warning': 'True'}",800,0,0,rank 0 do this
3070_0082-repeat_1_0618.pdb,-1.0147188359715777,-2344.8642578125,0,-0.34483429379999997,2088.7861328125,"['2291_D' '963_A' '965_A' '2294_D' '962_A' '2295_D' '961_A' '2296_D'
 '2297_D' '2326_D' '2330_D' '960_A' '2332_D' '2368_D' '964_A' '958_A'
 '959_A' '2369_D' '2371_D' '642_A' '2375_D' '588_A' '589_A' '590_A'
 '591_A' '2376_D' '2494_D' '991_B' '988_B' '989_B' '2495_D' '969_B'
 '972_B' '973_B' '2496_D' '2498_D' '976_B' '2502_D' '1023_B' '2503_D'
 '1064_B' '1016_B' '1052_B' '2505_D' '1013_B' '1010_B' '1012_B' '1055_B'
 '1047_B' '1053_B' '1060_B' '2506_D' '2507_D' '1088_B' '1051_B' '2508_D'
 '2584_D' '1446_B' '2588_D' '1456_B' '2589_D' '1457_B' '1507_B' '1506_B'
 '2666_D' '2669_D' '1451_B' '1450_B' '2673_D' '1447_B' '1510_B' '1514_B'
 '2676_D' '1443_B' '2677_D' '1444_B' '1440_B' '1517_B' '2680_D' '1439_B'
 '1442_B' '2691_D' '1432_B' '2692_D' '1435_B' '2695_D' '1433_B' '2696_D'
 '1529_B' '1436_B' '1525_B' '1437_B' '1521_B' '2699_D' '1528_B' '1532_B'
 '2700_D' '2703_D' '2704_D' '1520_B' '1524_B' '2707_D' '2708_D' '2717_D'
 '760_A' '764_A' '2728_D' '669_A' '752_A' '666_A' '667_A' '2729_D' '749_A'
 '753_A' '2732_D' '675_A' '748_A' '2733_D' '674_A' '673_A' '2750_D'
 '1519_B' '1516_B' '2751_D' '1515_B' '1512_B' '2752_D' '1494_B' '1495_B'
 '1493_B' '2764_D' '851_A' '2765_D' '848_A' '2768_D' '847_A' '2772_D'
 '844_A' '2774_D' '841_A' '845_A' '2785_D' '2788_D' '757_A' '2791_D'
 '2792_D' '756_A' '2796_D' '2802_D' '791_A' '784_A' '787_A' '2805_D'
 '783_A' '891_A' '895_A' '892_A' '2806_D' '780_A' '2809_D' '899_A'
 '2810_D' '779_A' '776_A' '2812_D' '1531_B' '2813_D' '2814_D' '774_A'
 '2816_D' '1536_B' '1535_B' '2818_D' '2820_D' '2859_D' '1005_B' '2860_D'
 '1007_B' '1006_B' '2862_D' '1048_B' '2863_D' '2873_D' '2875_D' '1087_B']","{'F': (2342, '89.80%'), 'A': (198, '7.59%'), 'G': (37, '1.42%'), 'D': (31, '1.19%'), 'gly': 153, 'pro': 111, 'end_res': 10, 'total': 2882, 'T': 2608, 'warning': 'True'}",891,0,0,rank 0 do this
